00237b175b8d5d378216192706a7b5bfe616d42e.png,
002f3c60c7b4ddf806a91cd76de24b716164373f.png,
004fc7133f5bd976d23d5d34e2827ba9513276e0.png,
00f169d4361df217fb86d41ada82095bed46d8bd.png,
011140e43beffffa57015eb208beaf1657be6570.png,
012956107dea2b63ac78ce616276ec3b07978b45.png,
0134c6c7ad844a54174f5263fd17dfd5e0d9fbdc.png,
0158406f7064af30fa674a3990e266d90b517ab4.png,
017c6f66fa12e54554f07540d63e9bc4757d694d.png,
018ce59652203902c384fc587eab44a6a81fa161.png,
01961f581d82061daf4e83a1ba5472fb9ad66d0c.png,
01dfb07fc347bca35d8117fa68903547712105fa.png,
020179f3daeff742366a374e692485bd7f3cd521.png,
02079f652c873ceb5cbdaae5cb47c36190800606.png,
023412ba9b97ed124c2ab4bde05fe60b87194f4d.png,
02a77152fcea7e9d0babb6661f72d630981fe064.png,
0341bebedae0b6a50d7973fa4e10cedb2ebb7517.png,
03e641220acff7a9bbd02d16f77f0bb320787497.png,
0403b540aca96b077a151c2e25df779e171d2762.png,
0407e41a97edf3614925532ae70efb2a108d7709.png,
041ad3727d7b835977bdafafee331ff5c34a5660.png,
041e389ef0bf4f399c5cb0588a0bfb9958e54c99.png,
043a505038182b019b9d8887b2cb16af7e020e87.png,
047efdef6bbeea9693a662f20ad80c74a3b87a65.png,
04957089d27dbe1dd70cf4df8198e31ba79b0d60.png,
049bfc12def445be9f06e1bdf69e3b1665fcb94a.png,
049dad0dbddaed6a5446a376685887dee08058f8.png,
04f2caa6ef11421346de725a8e668c986213d084.png,
050ae734b4292727d1deb7fb4926875f4587a1d3.png,
05199d8e25953905ec11ab7cd4e911ea20d2eb3f.png,
0519bb5bd3b9a008efa8e9db6989b31f6537f580.png,
05290fdf84d1799dd1ec077cf28daaed4c9820a6.png,
055ddd992a7b6bfc0d617d730cb28d9096fb384c.png,
057ff248894b01d780c09fb080cc6a57a9986c9e.png,
059f39b484cd3acee0078fcaa8db7ecb21123ce6.png,
05a859a8e2a911bc511a52cfd67f31bf90fe4fa0.png,
05cc8b970222f97be2746f6896a5eadfd9dd3d1f.png,
05ef160dd9dd7289c8e015805d491774eaaaa7c4.png,
0603c4fe33589164bece36be108c046f58010b86.png,
062fa9bb5a51dc226f6f6fd420d5826b9d1a7396.png,
0639cb2bd790ab2396f39796807d22b9aee9a10f.png,
065678f1cf5d9f14e1913636529989052d8fa1b3.png,
066046dc83e05c2579399ebce33e103d693967db.png,
067df7376d4bd1796870a5b6ee8d7d2eacd3eae8.png,
0697f49988f2652b99fbdc74ddcbbebfedf92a9f.png,
06d12762db890b8ed38052944a82b2daf20ea67f.png,
06d80ecb835903e70da767d127a7ab45f4a877d1.png,
0713440b63be30b6ed5d9c36c2b54234a88fceb3.png,
07185d81b4878f00f33b8ea25f0f6e2dfbf51908.png,
0747214ba84c78dc4b5611f36b4ff76574061af3.png,
077c59303d984ebbc75d808895fbb936fb0902c9.png,
077eff43cdbcd007d6a5388b2f02a7928b7e8d98.png,
07b09506ead859e99703ab2b88a4b6a4cf595e09.png,
07c3eac4ad28c9ee6302f5a398884b07c86eb852.png,
07c609fcf97cf3a7e13b1b3fe9e5123604e880f1.png,
07c734290b0b582d051689297ba15c587e60bbb1.png,
080b37b9645ba6fc7350d76b9c445fdaa73fe0e1.png,
081e2faab387ba3e839dd5a075f37f8e87a1857e.png,
08257186b2bda57f04d37d4c3b4884d9acc73dbc.png,
088a9e79f1b0143d42e653565ef35140f49bc582.png,
0892905fd9a51b5c5831851bda775c03bf4a1c7c.png,
08e85fc89ce27159a2e5a06b9c52385bb4ca380b.png,
08f23dc23c67aa125fb97bfb6bc8e88762c1e6cd.png,
08f844f944e6daa1fb35af119bc11e96ad6b16ef.png,
09172bd5308debe08704050b950d1e1d18428fab.png,
0941e22e3deeb454c7a074d2cccfe2a73bd7fe2d.png,
0948132be551f2bc6b2fa68d0d24eb2a35a17a8a.png,
0973368fca4fc9fa2af86e2d465ca65ecb6b2130.png,
097fa35ca08d9bf93ce24e78278a05564b94e158.png,
09a16284653818b77d8901afd2911c158c17ae88.png,
09d5d4b3cbcb7e49ff8d13084d9897e7ca064bbd.png,
09e860992deb3b2d3a48e1e18e78cba9deec3cc2.png,
0a0002e74393543c18b193826fd760089fc870b2.png,
0a0fac2a1ee265725e565ac827c74296388a0433.png,
0a1a14f3958977c1af21c20dd2ba8e2c6f02321a.png,
0a3542604840a9c59e543bc1450ff11a2c658d26.png,
0a3db46ab8c66cefbeeafea97f60bec2cb16bdf8.png,
0a60f84e89f6397c2cd50ce3c7c610a0a223026a.png,
0a9f3b10f8ebd0ec1124d53159e1578335423a91.png,
0abdede540320e01e2e594e9dbfd8992ecab60b7.png,
0b1044e5f13395ce044e0b8e3243b9dd41fb48d7.png,
0b43d2d121e13be208535cf3d411899743399cc7.png,
0b4759998581b471412fd86d3806d0a08f52922d.png,
0b59266ca8f9c81c44ea448074ae8bbd86e73a6c.png,
0b78e481285a6e9017207df77a5096c0714e971d.png,
0ba223ac6ef4ecf4dfdf9e059088583dc05f39b1.png,
0baf798ee3329909b8a39ddf5ddb901866805555.png,
0bd4b80e1058ea96ae40808f2a82504924323b29.png,
0bddae0b4e94481aa98aa8763d172fc8e11c61a6.png,
0c4813384e89299f44de79d6828d8d12e07bc680.png,
0c4ed9b35e546753f51fe0c45264fc14a47d576d.png,
0c6330b151c22d4b2f94118eaba8de3e3f1da065.png,
0c90b84a67355fd4e8ff2c658c4f9292f3b86631.png,
0c9bcdb29a3ecae935cca8cb1943cc320aa24f93.png,
0ce56f4336470e0e167417a2c24dc92ee101f349.png,
0d38913dabe834c29419c4f55c78167cb3f78cce.png,
0d42fc1ab52a36c6a5c59a804178b1ffa1274aa1.png,
0d6d9fbf371b1e4d0582eb89d9bdee35efb1cb59.png,
0d75de80e3354eb95080017721eed59829faaacc.png,
0dc45db1b99b56cfd0501a1e734b40c1fc9d3915.png,
0deca8589f4aad43716a6b80905efd67e7167f11.png,
0dedeecb7bdb6b4ad860f8157e417cefb4438475.png,
0df9afdc1c1241eb123c9f893517e1e44399e96e.png,
0df9c988444019de667c80b66df02cdd6c83a991.png,
0e0293cc27f69f6d3c92810be7b700cc4f9d8f39.png,
0e0b2b922f6089f0c3cead32695402916e5fd45b.png,
0e217d5254c1c75d3dc250a52978ab3fecde7d3e.png,
0e5f062662e39b85e0763a221c60b8647bdabdbf.png,
0e820fb33975e8fb6f7646946a4a34b1fbf73df2.png,
0e84657c0accc838fae6c34ca9984ef0e8164aec.png,
0e9e0275a8bf9d2babb1991fc40c3fd8aff0a4a3.png,
0ebd576cca1dfa4bbcab1a64e8eb156976d59084.png,
0ebd5cd4e0e8e5adf07e31254fdc966fc026b188.png,
0ecd26babceb5239de5b520c021fce822d646dd6.png,
0ef9afd3c22416271ea11aba96e3a08c9cff8a70.png,
0f1d159c2d61b18fbad3d9590ae7d2ac0f992c67.png,
0f94b0e9fb2d6f9f458018870189c2f8df2335b8.png,
0fa0defbe813f8d81aec81227e6374def5e945f6.png,
0faa1c23ab05d2907b4b03cba0b1e1812062769b.png,
0fdf4e8b3d8a9f8bdb8e4530de4494f512b4ab98.png,
0febf08e9450f1e5272da2cdafef2e83a5fa78e9.png,
1017ceccb9fe678d3930760cd1a91c9709fefc11.png,
1031829744787dd921aa603e752082024bf75779.png,
10490598db519451caedbe54d14214841f2cc3f2.png,
104bd27ff22a777f48058f00ee7c870564bc64ac.png,
10736340fd6e5538e266c85de970cffb24378683.png,
10859e66e090b6acfbcbc3c21d083f8b15f46a2d.png,
10af4724f4f657fde296124fbc83cff6e7743ae3.png,
10fbe60284b8fb7a7e12028f7372f10e3db1676a.png,
116ab693044b280ad3aef67e230b6d550353c737.png,
1172899916c7af087cc22717b9d2bc5bd18fedbe.png,
11b9c18f8c122ad5e3b7eb81a0670a86ac52d4d0.png,
11d5a14580be87bcfb072ad297269b9cf3b21881.png,
120ee97f468cf2fd45909d5362299f6a87116a9f.png,
121c836aa2ce1a53fa4c468d852edb2a4d685087.png,
12ac609058b8323467338fabf56ed4de6245c3fe.png,
12acf45b32bcb88077cf998b928598ed84eb6180.png,
12fe204885ecc56d996b8a6f8ce21cbd51085058.png,
131c85de240d5f38de5c23ca7994418e5cc61b22.png,
1356733c2306301131560a1e68dbd0acc5656f1f.png,
1362b2f2d22fa6f09307a8cc720fba7115a8482f.png,
1371b148a936d14e1fc4b4231bbffbaf1c276705.png,
139ce586558a23fe2f25ec3bd1b15d48ada43e91.png,
13a18ce769b249d05c2991fafe728004a09d206a.png,
13b6b10f7586742a571c035bd1927e0be099034b.png,
13cc5cacca39518d76285539b948c55becdcd8d2.png,
13edfd05860f46154bf2d4ea46062c7029f54fb1.png,
14572919a6a76ff8b63c40affac622114b428331.png,
146248ae276142925ed4ccb15b34f409f7e11ef6.png,
148cd9edd642e7aac3f66afcfd6b85781d31a22d.png,
14d7ae95385ab8ce37b6a343f29eadf5d1902f29.png,
14e7da60b95a7731482b6a73dd14786aa21c0b6f.png,
14fa607592389ab45573c3b65db3e9f2e0fe53e2.png,
14fd99f212899dd2edc7e65185e57f7dbddfe111.png,
1519cb5339697d6896bface44ce93cb4da498498.png,
153556e43fb882f2893d5209b689cc7acb0e88df.png,
156c8f86002596d3af31a5486de76dca1a360156.png,
157560ec7123c56a5cd9a8c81b94f2576549a3b0.png,
157b8bfd0a3b55ccadae46daba9d40e479bcfa4a.png,
15c925c96c5845c6c6bcca9bb549d5e6eb29b1b8.png,
15d9278558326f220bb5f4ad1a9632b049071037.png,
1608ed6013cc4f448c1dc235aa04436e0a8637f4.png,
161802bcdf2191007acf4fb3de82ab57a5d3b88f.png,
1621a7361c358bdd37daa20c93ea961ef72dd800.png,
163d52c633925ebac46b23e69d871a97f81b5d4c.png,
165cb6141771cdba0f87614669b4dda0281c720a.png,
166c375b9b1e08ea3c3d9acd1da33f74e253d596.png,
1676782a222f982918a05b3f5b5c12fe119c3bf1.png,
1677910807a528836884fe85336f0ada0627a974.png,
16aa3f6cce42a1ae38d6bab7adad9da78b00a94a.png,
16b15b5e5f8ffba624f68a4fbd5b8b9e609f7798.png,
16ba831d580738b4235487b7beed5718003f3905.png,
16c1a5814afa23b20d25aef8022970fcb0aaecaa.png,
16ffa3bbe54d8a2d38bd23f469bed425ace733d9.png,
1706ed9b4053783abcaf0785dc1396638de599ee.png,
17083257c63bed895703afc11d7e1f69505a87cc.png,
177e72279d9b79da5a1b824784e349b4a4f76413.png,
17b3377d4872894bfc74362fb8d6cabe3254fac3.png,
17b37a2b78f8d891e9a2c33bd2266cb569270c05.png,
17f33eeb75bd6ac90e8aacea6060325c76f44873.png,
1811489917288633e8ef36c49d38b0fe1073f0b4.png,
18257d548fe414371d86b0436c10bc9eedd2326c.png,
184ecb7a73e92d53aacadb03d8f2c5b4edd2d8ed.png,
185698d553af0cd5d20eda95966d0c11ab9ca260.png,
1863bdf5881d90a307ecafc435e1dde0b766d570.png,
186d6478b2146637bd1b950b6374b80a796fed6e.png,
1887841b42b06db122ebf13900d96df58e9e29c8.png,
189777760ad1e5dd8ef320087b0c0ba94dd10bfa.png,
18dfd8005a34ad4596b2d8a83f83ce6578411c88.png,
18fde624a3486751d09e5420ea01b27605a109f0.png,
190a73589fb818ecab56db25892afab4abd3d5fb.png,
1935b3e126d0fdd9f9fa4e87de4d31a7a2adff3b.png,
19499f6b92e8eb06cb2fab0bef14980baaecc576.png,
196678bda32e45368332bbe005fef62783499380.png,
19755499c373ce868ada0846459e99caba9799c8.png,
19a02b6ada7226c102709082dfa4f41eb66b5555.png,
19a2f4f077cf3f70b104fd40f0d4e5c2031e83f7.png,
19d27fc0c589a29b80cdcb35f91eb7ed15678b9d.png,
1a04ac4a7af7f52eb89bf07bf3737e73596948cf.png,
1a1168665f3fa41948397b3cf4c1cf9062d5c9f7.png,
1a2dc7a7661d3bbc593537da66b302b9c68924ec.png,
1a9d55fc788742d3238e799d5fded26aa67d3a9e.png,
1ab3349563b4bcc69a49c9fab6ea64d11e721c1c.png,
1ac6a3b0c6c16138fa9b72645e22af9653af467f.png,
1ada4b28640fd2bdae3e2494f2cbcc4cbf0c509d.png,
1ae09a9c26b8a772d4e41276db4851a7b2955534.png,
1b0cb1eda99bfd212ed3df90cca7f8b6861d834a.png,
1b5d2e8d0f17eb928db8fc6409b7c42487c22786.png,
1b72a4d9f1854b36f147372268ea43a8789a35d2.png,
1bb11709e45f587e70a22bdc57e338b363f26e3d.png,
1bb7a8bedfbd6e476eaaca6fc9b96a3357c4eeae.png,
1c0957e023f0fe81d6fd6142e0c53bf6919e1574.png,
1c3522d9c36c4820d2f14ac638b07130c60860e8.png,
1c37cbe0ee7707548f9f1ae82805fb759327b5a5.png,
1c6acb446ffa11116c183e384ca1813dfdc2149c.png,
1c7041f2cc90b9413de00d1f7baea949544f4a59.png,
1c7b2f0b42bc5ae672da00c852cd1b365f802cf5.png,
1cb832b32c17b86925962999c785f60584dc460f.png,
1cf56cb1604e03bac6b6c00810fdc25ecd887b7f.png,
1d0dd8dfcfd2a5d76df8cb7606a4f9b03e3549ee.png,
1d14a29b2d816a14f1bc2b017e598e9d4501d291.png,
1d4c9d8c1b98b951c0328de5e326cab404c9d51b.png,
1d6141553674ab08a35b44104656fa6edb114961.png,
1d6fb2371f61fda6352c8aed4621bc31fcd0a826.png,
1de6ce00fb85ef8fbf9d0b2b8f477b16a2ff198f.png,
1dedb101c41a36620be67a54ed4fd53a2fb0fcc0.png,
1e09cdff8207976dfc5d39ddbfd20f01987b441d.png,
1e2e4c7b338ce72832a2cbd3bcb72b78bd5ca02b.png,
1e364a8f91e6a004820fb6364b6aac173585fb4d.png,
1e513bb96cbee4e174e267b9f65daa2ca3fe45c6.png,
1e574237c01729638d6eeb977e3d26f2dcce3265.png,
1eb3d0890df3b22c5396cbb208628ff05e960960.png,
1eb6666d6c098f3963d0398f9ad4b736b807438a.png,
1ebbd434d3692833e72d8297f6c2d5dc2f37b433.png,
1ed55529af656d21f4998df228a9ec248ab05fd3.png,
1ef82a4f934b27d2f8e0e30f40a0677a2349eb36.png,
1f1279818746e8d99c44c47c3347ac0e8821c0e4.png,
1f16d935432316dd94a455c5136f7dc2890e1c9c.png,
1f26d87a79c9462e13ffddbabb43eaf661c22d11.png,
1f63976bfe0f98f0d0a21613a23ac5e98b19c627.png,
1f7837d5309b0b61de3b95a10eac26a7be97b151.png,
1f9d09a5e7aa7cc7ad717709005ed423dc7d7d3d.png,
1fb262f510caa7425ed5fda69292d471b4e88294.png,
1fb3677ff506681b05a23546136dfaa99306f76a.png,
1fb6de1589c311aea8e3306bebfaac5def9528b1.png,
1ff98584cf0a06734d23d75faa03b156c94f4412.png,
201ab0ec298e5746de989ba77181e52029269807.png,
202caa3e5f5f641757b27f7e7ca4448c07e55aa1.png,
202eb91a67733c7203249a24020baadbee54ec8b.png,
20518fb8c74489c2d9fe659ed9a464473d6ab6b5.png,
2088470a05fe4cc3a21fbef49863de2a375732d6.png,
2092d7aac565a45e851cf0edcd79c4a15c0e44a3.png,
20cb2d9bc9075e04e88bd304be5991dc344eb7f2.png,
211140be19dd22b60c8d750d2a8a36662f5c5d8b.png,
2138abc3a51fe24bf1750a0e9a4bcace6658baf9.png,
213f0af293aa9eeb04d521fcff5e6712ada48548.png,
214b41f251b8e077eb35c976cc0f4ad9486cb3d6.png,
21bb9bb8b347e34f3e038fe05ba1f5a3074c3f71.png,
21c8218b08d81ae9508561b08eadea1a3cef4648.png,
21ef024bd4072201d84a92fe64089e64224d4e3b.png,
2206ee736860b03b2b869b289658e64499e54108.png,
22549f2a088c1ecf8248e7dbea78f4a329942c8f.png,
227020dd9ab24e8677554dba3cf3c644b3117042.png,
2277de3172a48739f4212a90436c0512df07077c.png,
227e96449a00bf86c67b45791914366284ccb521.png,
229dd14b8b922b3dacfd2a3a34ddcc6a16792c90.png,
22b49c6d1ac48e2656a3f9537c2eb9732a6c5661.png,
22c04a1fd31827040a7df2fd8e6de08dcb4fd2d2.png,
235fde7d4c688f4394312a7227d2c9329abf4a12.png,
23724e62ed90c237279e76fb8259df2d2e04b3b7.png,
238270ae95239894ecf86ccafb75ea04115f2d74.png,
23926d36f1da2e88086791b4c7a0a423079a5475.png,
23b82085f54c8a18386262d942398d14a3994ead.png,
23ba5d13c762b02c62de7f6295993afe936b3f30.png,
240c3254c9f60b46b90b6ef6e002443d2a72c818.png,
24102d9a48c01849ceb4cfc0f1a5d6b70f3e0fe8.png,
241352f7e6efa9c7c54553b50dc2cc46082cf0f9.png,
2422a58d07bb3eb2595e6ad18cf4b48dba89ba70.png,
24286e211d9aa20f457ecdc9838de9d5c1119952.png,
2437b9c9ba3fb0875e9f32d8a68a0e80764f278a.png,
243cd2a724f8f72e18794f374a585f7c39e42e99.png,
244a25789690b67eeaaeb2cbcf9acedccc66b616.png,
245f2070d356d130232659dabf2c7e3c8eaa1b41.png,
246c7a7594cf8c3746fdbe3df1deeca1b1bd41ef.png,
2470d2a17088cb77ce830097c366ebe92bfc2b7b.png,
2480679443db8b0001ec803d14520a8be8d50461.png,
24883b03ee08aa38458afa50b8c427301997ec08.png,
24ce0c2c02e5010936d2145a59944e6c801dbed1.png,
24d1580b1218716ed0cded3d6625afb76982e12f.png,
24d95deec6242c463c26cebdb33418fba3ad674a.png,
25424fb84d7a56f5902ab9515d72537402e096da.png,
255306926430ab482d3b94d66dac221a7825e4fe.png,
2566d9ee9fd1283cdc1645327dc91ee651de66ea.png,
25858e119c0b4f7000f94fcad580d89035e20679.png,
25a20b6ed234851150041d16053f7a198af44501.png,
25e7f22845e70238215a429546561fa5df16e486.png,
25ed19dead416fa445692330a7bb9cf6c42f8c01.png,
2608de5e07311b574cf27251c1153e10ca18c7b8.png,
2623495f46ac8567a420d49508a6a880ec123521.png,
265e9cc50e92f92de0049dabe1458d5340bff9df.png,
26887f4cfbe819808e066352f8a2ed82a0e185b0.png,
26a57dcb0ec17ec1334468b85d25cfb3af31429c.png,
26b222c1037ee71a510fbf17e45abde00d434123.png,
26d1898b8ef353385031f883a52d3650952903e4.png,
26dfb8a5be2d671cfbcde8d0b93da2b9fb53ea34.png,
26e81ed1dd83c9e47be0ff3d9fb96f586a247e3a.png,
26f7dd124d577ed8a3de1b55ed272889edd09833.png,
27045825c209d3e61b3902f94a6c47d06d2f0c87.png,
270463aea58b47c4976cd8c56c69b09566ceef50.png,
2713e5ead50feba55e70dc20eebbef158f60857f.png,
27687b97855d35fd72050b1ab020c138e2789aaf.png,
27c7891d19c6367d24a266da1b7eb3a8f22d360c.png,
283d3332f14629a140e20437de19606c235c2ad7.png,
284cb885df7bc388186d28d674d4142f3d6d6c7e.png,
28c1cfb07aae37785dd759731909f6daebc9848f.png,
28cdfc7501b664fff5274a9c186ecfa20c5c1d6e.png,
28f1128fa5205a5aa91c2f3cad382364f277e79f.png,
28f7510ca3cb17d5bbc06e5c16c60dabfb911530.png,
290fa42cee840bf6c9208555dac8897b207f0e61.png,
29224b67a91e5cc9ea3089ae46d5170713a078b7.png,
2960ce63244318db0e94035ddabcfb021a19494d.png,
296a24588189f6ca171fe6a389627e711bd76d8b.png,
2987b0018e9a302fb4504a79c13fb975ae42c9ad.png,
29a3b612dc9062da6025a3a196c42ec010ea1776.png,
29d652474266f6dcf51371d4f2a43ec247553bcf.png,
2a0bcdf0a8633cc74d01aaff64f245515206d19f.png,
2a5630753d4c3209a99cf1a6b8fca815b7eca88f.png,
2a915a8b533e3957843fcdea8f742ae5963a0fde.png,
2aa789f43a06d386b1ca406b10e71246b756ec59.png,
2ad6a84598a5d0b503d7dca315e4eb96752dfacd.png,
2afb933ce753a9bb77a447f26d33ff8c7b113b0c.png,
2b2032d2a66f8a201e9135932996f3c507a00bb9.png,
2b210336999272505daf558676f66c6170cbdf8d.png,
2b3b98435acce9351d995bd1c64635e4562d8d62.png,
2b42076948d5cfd47bce40cdb3a927f45c6f0e5d.png,
2b470f33e304a5389f494e81f7c8ac9e1f751b2b.png,
2b50f034724aaf5f0c1a980aaa7d71fd5e370205.png,
2b977d9fd9f53eaaea9dba858d230ff2190aa625.png,
2baa963e16da5d21253e4cb6107a6bd922e40679.png,
2bdc03818214d24351036ec5f425c42b8882c83a.png,
2bdfecd7bdbd7625a19bb386e91b58255b7e152e.png,
2be1f6077dbd59182dc4d3e79bae5b9c0a08ca81.png,
2be69a748be6f4162ccfe272bda29d7d2b57b684.png,
2c253c19269336af92d9318c3463c8235990a7f1.png,
2c2979b762fae8dbeafa16e31192124646231a28.png,
2c53172c2a3f93196912ad6fc4e51d8c65245743.png,
2c930a4d06faeee9050e797ff98aed10775c664b.png,
2c9e6f2769c7859d0771e2aacfcbfbbbbf9c18fe.png,
2cc44a97809a2fe9ae3dda77d0d9adf41fbde64c.png,
2cccd91d96d8b5381f9a3105d70a312dd1f44ab1.png,
2d29c0374a0107df9798a6fbc64609c1b3d68a3d.png,
2d9a435edcaf8958f548af4942d8a289e010829e.png,
2dbe565470d3c10651e28b496bd988381329fab8.png,
2dbffe2bc84f7c060ef49bb99197d985a5f16872.png,
2dfc0efdca30343ff78b0ddeb24f722faa0bcdab.png,
2e0204e9eaacc5cb0f6e389db8b7d66d409653a5.png,
2e0225aa43c6a4acf1b68c096ad8e0b043bbaebd.png,
2e2e8f1c07b33b0296770e283ca272d166859f38.png,
2e3cc01da70362177e3f2d5ddd119cc911e4cc48.png,
2e60feff2d175d9983d84b3e7feaef0821e7d2c3.png,
2e699f9c663831f9e0ef1fa6ccb31870860edf82.png,
2e86e25902757b8950009a1684036c3d12221841.png,
2e8ba2a756ab316c2e5253303af9492da4e8e2d0.png,
2e8cc45a8c7e017bddcfecdfcb72941fba49d3b8.png,
2eca6e95d2e4590689970ecca6fca92303205b78.png,
2f150308ef3a09db8553ed693fc3d5e34c3f4438.png,
2f6261786be3eb4fdd58ec9e035d707ed0c85966.png,
2f6e1b4370d8d822138abfdcc0fcd9288781e952.png,
2f72a32432553e376e9cc86318baf3fe00adb756.png,
2f79fed1b323280fc39f27b443ea8b8017c5d6d3.png,
2f83f74888511fe7adb08b3c0f2b558b97fda5c9.png,
2f9662fd48ea59070d33ff84a58d40e5c522bdf6.png,
2fb07b1de9c72eaf487fffab64dc183f8286670d.png,
2fe5bd31f15ec2f83edbba00f44bf125900b8093.png,
3019bab3daf496a106af0611299634e274e0e057.png,
302c96baa4211ffb898222485a6d1c7f116f7a1f.png,
30486f73523e62a7c23a8f163ff696281d13d151.png,
304bd26866bf20839139ab6760a20da142ce1c32.png,
30595c024e90872922de297b30dbb48167b0a59a.png,
308a15000a57067d0c3d28ce1950e7588285f1e9.png,
308b274a233d4e3f53a2ecb0bc398cca0a56bc66.png,
30909f441d6a4d53689c46ddee2daaff84b491f4.png,
309b2dfc8736a9d0020f10c3578b6489c678aee7.png,
30c2cc8ebf4e13d7f53ba352c9c152ee3aa07544.png,
30e297816fa2b4a6cfda58cd8f1a7468433c23a1.png,
30ea7e5a27cc5f6818d8b6adfff16ea1ebad3e2c.png,
30f790d2b1c4b7c414b9ef1b3fced2acb11ee2d5.png,
3100dcd37cc268900f5b1a5b6376084485e1507f.png,
3101ef36d39158ac5d51cb981966d1008eae7908.png,
317e54924fce236c4fc9871dcbddc97df87a23fb.png,
31c5ca9b3a84945780e37464b3db1c3a3cc9b405.png,
31c75be6d53884f0f42d9b776c7e92b2b883445d.png,
31da6ceaf09167ddf8b68188e13232e6ff4648f3.png,
31f7b73fecf60bbf25bbc203313d497a92a6acc2.png,
31f88730f7c8be7b1a3dc045ab8da539c6056776.png,
31fdd6274214049c05e982aac01bbba42d404405.png,
325753c81cf8823c3e867c9e9be29ee0c7a3d1d0.png,
3258cf69cbf8f2af5e9095c1b39284801df1dfdf.png,
325bb3fe6a45709df6fdfa4e4bc3db1706a31966.png,
3293bbe1a88fe4103cf53eeaa6871f4f2164972e.png,
3293e91598eb8a81f951506105fc9459571d971a.png,
32da1c03a10edd49d0b31aecf0f28c6830732de9.png,
32e8458a4880a9ee05a27cf772e2e7bad4e2f55d.png,
32f734147e687b1c5addf7163fdf1f7c8e6c5ca7.png,
3362edd3bf76d749607d0bf319c1ecf89ff9b5c9.png,
3367e8a264a6cf5875af150709cf76f26a1643f4.png,
3375e2c7d89a3d199446068148d746cbc59ed586.png,
337a1e304a249315b6eb11ea72f3f204f391969d.png,
33d28396fe73ba3408d98268191c28ee28eb58fe.png,
33e888d49098bd882dc976e98dec6382e011b58f.png,
3447e35cd71ecc094234127d9ede23cfa8be85c5.png,
345079f9c25651302293100ab37588bfc44cfc43.png,
346f93a5dd40d4a056bc907857a12f55b2943b08.png,
34961ad6d62f70155c825a64ae1130644b55c8b6.png,
34ae2a4f3de8661c33c5976b1f8144df2001c73e.png,
34d1385d6218312c2d56079896fb8f7708bec121.png,
35050338ab3a87e6216daaec3944a05339e7c46f.png,
356d5b6d0ddcfa5955484672269ba2d8d0a938b4.png,
3597566bbd3556d741edc5f44ee895e826c353fd.png,
364a17c9fcf12ae6019c3abbc7f9e14d8f03724d.png,
365ffb63e8f07e484a9be375ef95d67edafef348.png,
36d095f6c750e58e9d987c54a4ed01f5e4d6afc7.png,
36ef260652bf71eed5ca7b796ca66b0e84499b10.png,
36f0b5d7150a4fd94658a7c8715bc5788a3cdd99.png,
3759c882718f05c9f9da766b566c39ab5ddca936.png,
3788fdc5acab94496ee92c4c5157de03e13dd9ca.png,
378cb031e18920784be186989a65876d0a88a761.png,
37937f6239975716887368be0b20d78ebe1103d5.png,
379602d1508da88d1c1568173224b44ade8a5f82.png,
379faf6827db0362095318c44205940929e06d65.png,
37bcebb77945eba67eb0c25e94cb4cef8a975bea.png,
37db92d6b4a16a294e3a53f8b6024cd2d37fe42b.png,
37e1e5f12d2ec13272e29a1aa794fd78513cbd26.png,
37f6908bfe049d92ceb8c9e02d529d35650d524e.png,
3849e6a042997bb96b54321928f2f77f177014ef.png,
384fa868ce0ae7afa1a3b95c2931222a5afeb3b6.png,
386ce28ceffa0e01082c44d8bfbb284aa3ea984c.png,
38b9ee41e63aba4823e5ffd7ccb139fcd02e974b.png,
38bad16161d10af8161208e62a76ae143786580b.png,
38c46f469ae237ab582cef125c30ea3d650f522b.png,
38d21639be587cb641d0e81b0aa5c0c6512a6d97.png,
38dfd1ca98591e81210c658243730e2177d8243c.png,
38e9cea73968bfe83a0885977bfc246524c6f086.png,
38f565e7a6bb8ca4f4e2658f9e756700f6938f75.png,
391910c555037185b5962d7fa838654e1e71a0d0.png,
3929974710e18e3c6ff934adf6c9251fc1c99beb.png,
39558e3a6b5c9b1931758f6b3af5e3fddd2c70fd.png,
397edd1ef25f2cc76cb3b3b966f0991323936a6b.png,
39a6d782b14dc8de73a287c02061a69e8e4cf554.png,
39e4266a53ea8977cb9c7aa4bd2019299324f0d6.png,
39fcd27c9f25a821501e5a6fc259fd4b97e838d7.png,
3a1bb2d0bea427bc667e07e9638a1e192a34cfd1.png,
3a421cf4c0752471a8d9bece3480d3c12acf7fe6.png,
3a4ddaebf7cf89594af90b30669c7648254be193.png,
3a5d6a64ac55f2765647a148c7157185b87a9b1c.png,
3a6335ff80e0e527d431911112605b13b7a2ee34.png,
3a88c562671fca25bc3649c9c46be157e3832a52.png,
3a891aeffb32258b617a38484338927229902481.png,
3a995bf18aa03d1264ff6bca5279165c3ce391c3.png,
3b0d4ae96cec47f02bc6a097ff795bdc0da66740.png,
3b1ab9ce5b6a03735d0ae15011b5322d39de2c77.png,
3b201a79a842aecd5aaf2fb4d2b95d33f50119e4.png,
3b35b78f526980df239db6cccc5d5fbcf36f3b40.png,
3b4da9ca317d31aa1f8ce0c482efcefe567131a0.png,
3b50c5f4723a8cf72d423622a41af748b9d801b0.png,
3b5effc5fb135d63bc984bab97effba2193afa2a.png,
3b690c4eca010de4fd3136f532642bce7d069835.png,
3b9bcf64c251fdfbf8c8af6aeed82eca78133d5f.png,
3ba8c43c996b782ea6becdda7f5b0fe36b5709c0.png,
3be8e659d41d106b816a8fc787ff917b4a517f4e.png,
3bf57c095ec106d6fac35af0facdd114c4029dcc.png,
3c3e93661f9198c4c1b5cb35c9fbec1d5bc3e13b.png,
3c467b0c8402bd09913f17ce197ed1e85bdde8ca.png,
3ca16130d24ef687d16bdbceb7530e3159fe13f5.png,
3cd9886c07c997d2b59ff86052b6b8fbbee5de9b.png,
3d2ae83abc841e3bf067738e8ec5fcb0d8d04afa.png,
3d2b81cd1027debb6519b8bad67eb3991eccd69c.png,
3d3c70ade2872b0d7fe07df41d44fa37ff51a1c5.png,
3d60429bc7d45efabb76a399fceda559188c54e4.png,
3d891765a3ca92cc287c2814a74509bc6d2b3874.png,
3dc51b1102e5008c63c36939b88b6b785bc3d665.png,
3e020b6d5186cfbb8796c94417a56b15b57f6b73.png,
3e187b0d865603922b518753bee19aec5f70409b.png,
3e2b48f28e7081750ea3ba47e8ca2d85f74ae36b.png,
3e4afd91ad3719c86224ccc5ccd32b8a3d3457de.png,
3e6151c4b31f1056bdd22e560c119756f181ff0f.png,
3e86fd658352e66c885380942b8c158badc320e7.png,
3eaa79e48df31d790e57ab22915d016399dd1ec5.png,
3f081d3ed9254c17618df9c67483013b9d625241.png,
3f103635f93569ef50a8d8f625294e93a73effb2.png,
3f6a3310de9f9d8ca15b7be44befb0826270f2a4.png,
3f870b7510d38f035ea1f2a3e5d68ea8fcb521a1.png,
3fc1618924dfaa235ba5e594f09d59176dbac351.png,
3fce93f733dbdf7de9d092e350b3d8cbce3f8c25.png,
40197f89f02b4aec7fe6aaefcdc7ae28f076f18a.png,
401a3f815f36e1a1bf1dd0e5a12ffa15d0704df6.png,
40470ebf33760ebdfe1c51bf7e10c677c699c3e2.png,
4056a8dee7c02422f2b4598ce0d2e364431887f1.png,
4064ad9528cdef87fe6f7020dbd9c57e753638ba.png,
407bfedd2795bea56c050e990c2f8f38e5294283.png,
408701216d7dc1ba411cede665036d08daed8aea.png,
409b5721c45993b403febac4574803de7cdb0b55.png,
40aebfc4bb5d2f34c55e1bad3f00764c008536a7.png,
40aed38057b56ec1011c19daf66102f33eb15710.png,
40d366e71f418ecbab4527152f76d2f36867fcc8.png,
40e2576851ebe1c36df6242af84093d0aed6b16a.png,
40fee4f0455bdd92fc3bae7a41bb6521ffbc5aaf.png,
41140efb8e24426cc05cddd0e621d6dea56d628e.png,
412737f430b0031fa17af619eaa1bf89306a0144.png,
4144d98ca2e1ad203e82e5d7cdad712a6fd1880c.png,
414ac3bfc9724084f53fb9221349c2eec6e36bcf.png,
415683ffa042fa6b9d08992525fb8652a1b39074.png,
416b269de997276f08770f36f11eadfbc4034227.png,
416d92b45cb6c6fe4e5fec9fbf852acae67ffeab.png,
417acdd665a9add8dd9abe576e0c9b8fcaaf9b38.png,
41950d853c4197ee87f775d2105d3e83d820d51c.png,
41edf245dea6c6b67a0115631de374028e50c424.png,
41fd13c593de2a1561545f030892794dd0c5df19.png,
420ebaf63c6778302c2b3f1698bb6712f5673fe1.png,
42430ce3b6c1ac5893125988a877f56b909ba5a5.png,
425edd1b85acb97415f388ad4d75c56dd2486a81.png,
4266c1c991bfb9c8664ced0d26fd1a836f060f74.png,
42ab1eabfc89ce09087c23681152736bfe72885b.png,
43049e922deee790ee9f51c6c5a83004215c5f95.png,
430d3412d55b17a06360090bc1700cf402ad03e5.png,
433dd01c769c2c889dfe153f85e73009d4b37c39.png,
438698f858fe161e021e5917e7b87c30c95870e0.png,
43959e6a4280f8a998de1bddd8b1949f043bf117.png,
43ac6eb6018a181d11bef416ce9902200cb02858.png,
43b0283e1799bda5ad3c0c91e2fee3ccc1300746.png,
4455d75d0abf00c960e3d0a9e7d9946f2ce0b1fe.png,
4458605312472254b55caf9534462ac07432f255.png,
446c7b10109319a28675024890cb099e0a24d47e.png,
448a323ed849a80c0641937558992f8ff95e1766.png,
44b94e847d3943ca85456d1227262ad86759d841.png,
44c099aab8c6e6178b405e70fd075e3acc9a7d94.png,
44c31a197c3a6ce1d7b0dcd76caf749e6e6b3391.png,
44cd62efe8b49fffcfbfcf1e3e9305fc15eed997.png,
44d37de6147c2b7780a863b3c664fff796c78fb6.png,
44d5eab7df4595c02fcdfe4c46ae4d43104fb230.png,
44f8d1561fbfbb7c5aa23bed1c40d80ecbaeb864.png,
4502b935cdc26ef6abfd1dd82871c6e2249566d7.png,
4519307bdcaf0f3bab2f4bfc1d639983346361bb.png,
451d99e0a0cb3ad0350f103dd0e663c0bde623f5.png,
454da8a91634d3896a38f39e7d1fb0e053ea2763.png,
4553d294a4a7d9f1c79baf8ceeb982247627ab50.png,
459347c0391c7061853c3d84399835e8bd6823d8.png,
45a508337649f0f2134e218ae27c67b6c1f4089e.png,
45a7024aa7010b3f13b132cd86ca1bb5f3c731e0.png,
45b9df1f8568946db154631cdac881c0c0e1dbce.png,
45d8d8246bd146690a55f543c687a060f3eacb4f.png,
45ef4d4cb6efec20f8b1f59a72bc25253952804a.png,
4605e86f8b302d765b26b2199a0f42a4b0b4a367.png,
4676583bf62845188326b9d02ad9611dc0779240.png,
46a57b94c0fc96310d26e910b23f51543f0e2292.png,
46bf4cbdf3d722fe36728c4fa67b0d368b5093ad.png,
46c1a8eb33383630eb7ec67062690d0d7059ba89.png,
46efd53d304a930099f34e935be7963a9b40f932.png,
4708adcec47dad07a718574739e5ad22f3e0bdb3.png,
4728bce579e7da7ddf181bf3a947c63404ae4825.png,
47aac586e6410c103cb4471821891b4b3a3850aa.png,
47b26cfe38f65e6beb0d88c1b49cadbf7e5df249.png,
47b8e79c1f423f6055cabc587b09c0e858da077e.png,
47d53f881e5898175e6549baa63dd7ff0bd22228.png,
47d63600acb9c545ad2576b416db4be66e1cb278.png,
47f6b3ab59e3dc61e2a4152ac31483fc5947ea26.png,
48199188f5b0ee0dee1b5fe215ed86cd198e00ac.png,
481a127f3fabeaf07e007e27f4b10e57fd331ae3.png,
4834fd0efb5ab58ad228873ab23ee01cd51ee5e1.png,
4848c8cc096f48108d40833981ef64b67829e531.png,
489943b2a0201ba304593c9120b47da6a6d68b9d.png,
48a374f8ae967080f385707232ce2cc214c81567.png,
48c2563d797d5aaa55b8f137079213784f5762cf.png,
48d1149cdb696e924666f66779ff4638a3f15067.png,
48f60fbaed4c3b40ae0f918fb225355ba43c5a9b.png,
4900bee0526ca1b5016a9d7bb9ec4a39fdf5f477.png,
491bc61000950cb18d990eb25b6bbb276b696730.png,
491c00648b5e354a1e046d97e484f2d3289c4c69.png,
4939cde3bc9ce8faa6f5f6d98fb16a5133f816be.png,
494252bdd17d8acb3987d9a41a5a6c4634f6dddc.png,
494f668f4becec2caf5692d7f5b1e1757e54c39a.png,
4961416e54398c97b909a8df173477f9c9df3902.png,
496e757a32805a412eea1bc788eb5fe6eb38c652.png,
4976e910c3b22e56807ab98298030a61f26d3fea.png,
4986cc2f0901bece33c619e9fb507c3934124061.png,
49b6505dc3d6a96bea2208bcbf768a9128a9b65f.png,
49cea3f890125b6b758159d5ba1d02a68d45060d.png,
49d1bb95ab81cb82476fd43faad431cd11e41dd1.png,
4a4acdc322bfdac0a35bc68ec269463cf901f0e2.png,
4a4f0eaa2b82e4eec998af5be7e81a933862ede7.png,
4a822792cf453551af28afec2e13361f22e682ad.png,
4a82f33c42af797d03ac64586c380b1aa373dfee.png,
4abdbaaaf2b197b11be9cab6c7f7fbaa084b1e4c.png,
4b0b72fe7eea8c588c314d939fba61e7c38efd1a.png,
4b60b3de433689a97235f1b5a3f937fcb9d60b90.png,
4b6cd4ea5f438052bdac7a6dfbd9cf79bbdc23a3.png,
4b754e6b25e8bb92e56b6d450f2ce8a355159a8c.png,
4b7838aa4c62af2ff95c23e6abb01cfe741af381.png,
4b78b6d07497273de5785c81aa6da267ded8adea.png,
4b807b7df6d85dc15806cf33b94e8d0bcee3211b.png,
4b84c0d15c944abb59014f72e84282b344ce3333.png,
4bb6cacc68551aff928b130f029e93444937862b.png,
4c64cb67f80af234c1f7a80d47c7b3c6dc2fa031.png,
4c679ab8c29a45da7b4206216b5dee8cfa3b12db.png,
4c737d06afac9e50a37ac1998499f46f67ad3b55.png,
4c73c3c6d5689a08171134049a35ff42a20a4514.png,
4c947246aac5757c0de9c6e48050171656a96e44.png,
4c99c7553e90785ce642190b127275f7f9e6558a.png,
4cd55c44d8ef4cc81200c0d4a17798e2e80e48a1.png,
4ceeb0ad396beaf501f95daac4cd072360aaf9a7.png,
4cf296620ca5b0bcff7b50eb78dbe522881e051d.png,
4d0e73e9fd98bfe150aeb807969373092f3499ce.png,
4d27043ee59dc0b81c12d7867cc731b51e47e41a.png,
4d290af59890d149be7e9e9e93652a2b97c57db2.png,
4d2e3086aa5afdb060ea97a55c8ab32f09126024.png,
4d499384f3b725a25473d85df4d785235a58cc01.png,
4d51a5f384ff3048387038e65dead38efebab0e5.png,
4d66aa6af293545066ebd38f1b92d60eb6ba5e52.png,
4d8e86be15be09edefa0b569ad06545d9f48262a.png,
4d9153b04a3a515f5cb197378c66c08885a47f03.png,
4d9815d4a1e81d9afab799cf21317acf4b263224.png,
4dbbf7cd18ed337868ab8133cb78292dc45576e0.png,
4e24d6a6e1158acf4903349468f0cb76f178b1e8.png,
4e2761177a3ed267f4991251d3a8bd72424193b3.png,
4e396aae2a3025e66822c98e6b86f17090e7ca93.png,
4e44394c9032dd29f2dd1bd25fdcfae24b40e897.png,
4e451ae954da0d97a265b4efff277202135dba74.png,
4e4ec7453048d9277b16d4a064d6892e0f577987.png,
4e6e52629aa0c02e654d48f604a8e6ff646a0195.png,
4e75a5c4e6da706906eafcde029a26af4e6e1380.png,
4e9734bef29e36e7176a94548636b0d8ff16cd95.png,
4ebbbbeaa1a8da4f90659c9b01ad5600c735a0e4.png,
4f169b19b56ae0de95a01141a43c2970716231aa.png,
4f8d00381177dcc4e6d757c65d44ff6a4211966f.png,
4f91aaffe84bf23ef993723918b549a85fbc7869.png,
4fae39242f947c66b427380bbd22f67c18c35883.png,
4fb5a4c4879b4bcf4f5d5c9ed7e38049fa14e507.png,
4fbe7b1d8790b5b9c38ee4558d155f3274f97999.png,
500986774d24c77cc9891572735aefecacc9f519.png,
504cb9f92348f5800a64962c974f18accff63fdc.png,
50881d1612c08d38708aa04de36ae3c0002aaa71.png,
50f81d21e702f9c3b21b0c7ae085de6d5af102a8.png,
50f9f6c77ec3aed5a490540d029f91a73b03c419.png,
51444e202e3c7e334265dc8ddeb05c2c451061ff.png,
515d7b378b70d117f95fbd33d2fd666c90c795cc.png,
515fed4d1f93e33f21ecdadb69d4c32c74864bc8.png,
5178ac6c40089a840b8df1e721ea9c4596a18fdc.png,
5182e3a944b3739e2e5a52015580b848e7e4a443.png,
5183b632db8fdd8fd90c4134413d2b312894faeb.png,
51bfa43a228b562424b756a7d6bdac21d99f22bf.png,
51d05ded26bbe4613b79eb8738b4320de044975d.png,
5209df62f64d0ffacbf35a0be6322f081d357ca4.png,
52119fa88647f47929dd34fbd23bc0fee13a7531.png,
521e889bc0641076d08c75813b7e3c18e18bd418.png,
522818a146f5f2553a9be96348ade1a42331f26d.png,
522c606ae87b6a13323803a72177b33c12744ec7.png,
5241957db12be0f5e6850d004e5072818ae2bbec.png,
524d561323b8f058b67231d9c762a89287db7033.png,
5268275c0a99b3f6e134709fb437325f8333e871.png,
529358f01ecfacae5f7c6bef8c2a1cdc6fc6a2ca.png,
52d81941f76b0e2d01a7030ffa048c8cf5cb5d6d.png,
5301412bc00f2ddc00b55a6ccefd70b0144e60b1.png,
5307868b20b825e4a59e2794d00f800c7e7c7d3a.png,
530c4a69e8ea73eafa2c2e831a65d7a61da861c5.png,
538a0bdcfc4243faf6d68a9a543bb71260ce4a78.png,
538d73ef063c581168966fe3ff7f0e0a4fa66fd0.png,
53fccb6c6627009d42b1e578aa37579d6ed4e2c4.png,
53fe4b56c28b77e073842973caca510cb6298a66.png,
540370a5d83424225acc7d40200b016b26b49f2d.png,
541099b67ffe83727c4fe6397ca5808306237043.png,
5416e171f1255a65820b10b41fe9f23f9ad33947.png,
54310af2f2694aa0df81750b91728947e7ac5a38.png,
5449aa26884c849a26b88f6823f4349893a9b98a.png,
547d6d84d355dad995a90cfb44f00e0e5e0e60c0.png,
54813c336cc57103fa9125f1dc60e4260d251473.png,
54a50ebbc7285d66993ba1f3514415b0dc9af5a1.png,
54a796e50379af50d75787e1defa24469d5b5e34.png,
54d8033a8bfcafaecf628f0c8cc0f35230ee4b3d.png,
54f04875513d3c9e7a47f3d082c8773acbee3721.png,
54f37966bd02b3dfe1f497d5c8312b377beb6bc5.png,
54ff9844c09a5a2c9a1f0aeca36ef80bff4a500d.png,
5572ad1a48de15cd85ea51106b85594cdefbb415.png,
55b1c4fea6b49ffaa0e46d59dcea4d06f0369472.png,
55e1313a8e0d59212e9d4202bc0362ea62c228ed.png,
55fcd67032da808d6f0a4e74d387a834e78aff53.png,
56083f57ab49ea35f728c5e3917720d6d01d4e7f.png,
563a084e3456f4be50a20aae382065475b94f566.png,
565f832890f2eaf4788ca75e91945b9303b80acb.png,
568f056d2174fc99f70f26d2ddacaa84d5fa2d84.png,
56956c7e552f5ea26d730d70e3be93a0a71d09f5.png,
56968409fa95ab6d23df8033c0f393803181e7e1.png,
56bec37be56d44bd86bd1bf411060bff548fe449.png,
56c215f077737ea8eca3b2992df805a6c5009275.png,
56c74a3d8c500a5fa8171dfd59e5e02772073b4b.png,
56ebe2d71e6f88c5fa3a90554bd3ec682d84b39a.png,
57559c6d9c5cdd75a8faea4b1329c8268dadd3dd.png,
5778f18af480eee300f372645fe17368c02388a3.png,
57e1eaa9e14cd00d7377ef8261e548f8f27b0821.png,
5800ce1782ad8ac1b5c795fe8e7e81890fc67f39.png,
58289076d1df83db33c1c2705b229c7c772bbf7f.png,
582c8f166410e124a1a8bf61931fe1de43bdc465.png,
584c209bda34a8d2ffc5c3319f3ecd6af669a6c1.png,
58568c9f27f646bf10806086966f1c0442ca4089.png,
585a8cc044b81056f69e112fb5c2b3d1d933385c.png,
58ab7388e5c230e0e9167e11be8840d28bbb07ac.png,
58b4671ea37d9a6c0d4d3483feb5f37900cb604c.png,
593b24912ce0db3c656cc51e1abb206cd51e508c.png,
594c1a59112b1119993c62045d630d8588bea445.png,
594f4b22e74cb4e066cbe492cfa41e98b71b835c.png,
595febdebe960bf9f45c36a28a2271bec287626f.png,
5982e637d64f37588b0adc72a4b3eeca4b189fe3.png,
59d73655165ea5c91c2a532493f9ed880f8af869.png,
59fd7d3b780fda561034cdb160a4691f2d1c0fc4.png,
5a0124707771b75103b38fd0caa0defa36568de0.png,
5a6c221bbd110209ec5f9d1073bf45c2345329d2.png,
5a74f71c7269c42defb5d789163c40b01671349d.png,
5ab6a469f1c43356c5e990f3e1fad442ea83125b.png,
5abd636984c4fdc5f57f8bfb7ddb001911b28451.png,
5ad7a5fe6a804a4c4925aa27c083df62cb4f9a4d.png,
5ae0ad37ac4eab5d4e2e84d8c38b18b003206155.png,
5b55c2b1c0de29038ccf09aea348a204d2d5010f.png,
5b63346d5fc6c74cc86751b45380aa243ad9e887.png,
5b8ffce526469a95a71921ce2dff9c6a8b8b05c4.png,
5baa604b769ea02bcda0c7d803354f168de08cea.png,
5bb1437514ad562930c76fe95467f2bb5162dffb.png,
5bf4861d39e1b4a64b8a32a32e92cdf4b5ff1092.png,
5bf92c8c6a7b814ef6520fa4f458702fe2506555.png,
5c24432234ee4a88a58934d99ec215440784b05e.png,
5c256185ad78be11ac04852215b65536d2cb9e76.png,
5c28bba95a40b5163dea3e13b687d14a10e9747f.png,
5c59a3263ecde45d6f0d5e037e85fd49fb2cd20e.png,
5c68e23e3242e2d0bd5381e870a8ebba8f4caca5.png,
5c7c848c0392cc79dab4f5f36cc0e98af8d5028b.png,
5cb2dcec9211d347f82b18b9e1f9f35a9bd5a386.png,
5cee9647a7a692f45659f61024eaacdc9f9a29bd.png,
5cfa78fb5e8bb18f9f4784943797e2e4c7a08cca.png,
5d2ab679f0585fde060fe124573451df254f4eef.png,
5d63ec3ed99f8d63821850c5713aaf39d3bf03ed.png,
5d6c241d4f48dfe93c42ec9c7e84f070f9314649.png,
5d7606ab9f2617b3e91a4a9e6b35a7c078b2c33a.png,
5dc08971fb65825c372affea6e6be2165667476c.png,
5dfd6c1654bd887053c69111123be59614090baf.png,
5e00070fb6830d1f62e931bb6cd0331d066d58cb.png,
5eadd0a5d62becf752945733edb0f63387dbd7af.png,
5f190f6ec1bef225e72f2f26bbdee9d740174169.png,
5f459b23bc15a79bd240bea387d40e55b152ef5d.png,
5fd447e4b636181e1c5314593b15dcee9e1747fc.png,
5fe7e851725b89dc685493e8ba53c44889ee751a.png,
6020d51536c9f971c9a1094a630837712e057dac.png,
602b1cec53f9da75b566694df30172863726e3f1.png,
6047bb3e357c81aa18acd7bd9187708cee99b675.png,
6073dd631533af4fe24799418c25fd638f06360c.png,
6082315533beffec899f0937af715014687218e4.png,
60af75a16b63f225cab5bdd951b16739bc66bc68.png,
60b23081f7ad8f64e16b02ebf51e920b3ebf7e63.png,
60b86061a6a43c15b561890f30920e4d7f8cd59f.png,
60c6c57822c61c7b11fe278514f03ce47654b56d.png,
60f740599cf2c429ce97c3c9c68c05eac9912356.png,
61031ad000094a4ae9793bf12a7501fc3b2e04d9.png,
6124ac6ea0c264db23b0b1a7a0dfd697d787be64.png,
61baf2f17ac510ac1a5b92daac48d5594dd878f0.png,
61dc6838d18290588133a60c1cbaad92c8cfd773.png,
61df66b9b110d1040284af12c7a2aebb510aa969.png,
61f1762c6a071ab662d94fe990f0abe769fc304a.png,
61fab50be88d8e42fefb1692a4975053a0b5977f.png,
61fabe537d9ff62bfb81034fd0d45adb495e0c70.png,
621a0af8e088639929d794bc8457ee5a34b93927.png,
626d29b1b9425eeccbf39fd4721b8ccbc24114ce.png,
629dde329d64d48f0da5e68fe067dbb3b98c7b0b.png,
62af2fc3937cceb8d857a4ef6c690070dbbb4caa.png,
62b72c29f42a8d22ebd30aae83f6d209e74e8dc0.png,
62e6c1fc986c4236e0452c418731b0f7b6a3582e.png,
6318c8ad64b7dc127646f3a075839372504426c7.png,
631ae113306da62bce4f85c175df1af068c53035.png,
631c5cad94304e55fcb4455161059f9bcbb19922.png,
634d95daff53ee204e317fea3ffd9775bd5373c8.png,
63506fc1498fb4640b6019541f480675c38946b0.png,
63790f4a248f0c652e791c50c12c6e95c28d2255.png,
63c2aaeb24b5999fcc9fd6cc9de2eea0f160d79d.png,
63f16f7bccdc57cb1240def803d51e9a4650255c.png,
6453be0acba24c41bcd6a7678e2764d33d530237.png,
647c023f9f53d76e53f55b5b1a7b20a706555a6a.png,
64c3e2630814b5313e0c0d22781fbadf3208a2d9.png,
64d5ed6d4b741613ec75d588c7c4d387ad215955.png,
64dedd9750a84f53c33601375c641921dca8a42d.png,
64f9534ed7404a7a92f0c95bc505811ca9872e4c.png,
650ea8eed693b058f3f3d9067137a13b00a13813.png,
654055e2b5fbe80e647f7eea3d8d49b504e1d7e3.png,
65c44afc6b439397f9c32dc6065f5177fc32b792.png,
65e83b26e1063ab636bccfc04000ceecf116ad17.png,
65fffc65915aaea41a16ba41fb68ea8796dd424a.png,
66253fb2e07c1be8d8396c1cd9b0a43d2829eb6d.png,
6627df598f75cc66b5c6c416f1a5563ce98fe69e.png,
662f825835c7f8f113f9a6aac6c14f9b608fb91a.png,
663c15b3f4a42841f25ac41a23e9d4d2079904ef.png,
664ac1c1857a4f4ee5f44e653c6d2fb9bbaa4061.png,
6660559750ed63a6c613da369dfc0613a33443bc.png,
66a03ebe7e88529ac9163cc36b2caba6cc039c01.png,
66a2ee79d6c1376bd89e242325d6a9ba1ae9ba11.png,
66bae46a6341cd93888f38b5e6fdba656fbb157a.png,
66f969a45a9b4cc8559be3b3de32c27e08b7f073.png,
6711520c0821a09dbb76c71ab5fcb1145af36887.png,
672776238d4a5d26c33fdc81dcab0f9edd33310c.png,
67376046fa987d730776f8bee0c818ae6f22bb2e.png,
675be181dd9c44af22aabb0758db2fa1a3f3f3a3.png,
67730e0c0978b21e46269f73f0b56519109b4ea8.png,
6777308627496f8c5b756f48c4e1271eea8cda6c.png,
6816cb194324f5bac42ec6d1ed0c209ed30f9d2a.png,
68793c74e5a5b6bbdfec9c6a0a6d54e3d31de3a0.png,
68b64b3d0f32a988968a701daeca49b71e867e7c.png,
68e264d1d0ad9c86e0e636ff34f2e21feb97f872.png,
68efebc1c68b63a96501ab398897d0c9ba55626a.png,
68f1f0c69bef9b3927b008b605c1948d4e9b120b.png,
69349486fdb93ea89090397d6b3d971e9b605553.png,
695237631c93f199cae170c7f1c7a7b6f76258b2.png,
69765b3a98bf106d9df4c565265ef0517d77c96e.png,
697e7a8e273c6a4d515b828a6b80c7a6879ab4db.png,
6985406d625b3106413709f12d06a96d59f0bce5.png,
6985623caaaf5aea5c939d728dd447719af6e034.png,
6987b68e64e618f9e64c1ec66cf3577793256ea6.png,
6994f69c5d9b346b1279a25276e967427ba5a2a7.png,
69a32bb5843ae121c1684535ad3f117a68d0964e.png,
69ff6c82c76c9904bf3fe0e0eea406c8b92822f4.png,
6a5cc4ef96acc05e7274b42d716628f59cae3540.png,
6a81438093895901d08ca81c1952b1d5014b3a8c.png,
6abdf0ba66d4b96446db0b76fb0bc97700b22a1f.png,
6aca077bacc9dd9f291df560d3fbc0d6e725e936.png,
6afe61335f9cee1acf8b9de5b3502438a61e4408.png,
6b030dfbc1af0ed849d194d3c01fa5fab29d83f9.png,
6b2f4070d29761d82724932cca5f6c371c381af0.png,
6b56a5f198a9a41572869211452d2a734c77d9b7.png,
6b5c96b91bb32e30b4ea0a16b84bbb3ec3ffea61.png,
6b771baa0376c36044d6c0a302f9aeddf3c70795.png,
6b7ec3470985114a0e1d924a1c386ace26ee599e.png,
6b9ae34fbb113c144dcd1869b344a1f779ea780e.png,
6bb8011fb1c7954fdbbf7e88b949ee88a7017435.png,
6bbed7670031b0afea3e327d70e6331abb257a46.png,
6c077f9dd7bae8ec7519074b214228b51e53df2b.png,
6c84b94e712eb7fc4eb3003a31407a7740ac287a.png,
6d072915a03b77085d2cef492b1cbec9cc582248.png,
6d072db4ca326529574764ad84116c1ccf65ca4c.png,
6d2f8f4b7e2433966bab0134266e5c6ed37d2e10.png,
6d346d1ef89d54dbafd7115d91c09c390904f89b.png,
6d34db2a0e1b54982d1cec2934e0c62c4a34d36c.png,
6d45f9a6f03687b2f7da1a4366728c6ea1882e95.png,
6d88b6f35b73d605e7ab26f07fc944566cdf1b01.png,
6da79388090e767ed833acc86f25dd0e91cccbf9.png,
6e2e1cf14049d0d6b1773b351f6fbf918f1e23a6.png,
6e6652988ce3c88db291707f8e4fb6758d43aa53.png,
6e736d8af6371113ff4438559eb4528931381504.png,
6eaf0905ab840a7b0a1e57aba126d85476eb646e.png,
6ed3285908a2da3cafd64332dde0257374b193f0.png,
6efc4a02becdf3573d5af9f6478b9fad6da9c880.png,
6f1fd46e02e8c4bfd6ebfe4417d16a4cab847299.png,
6f262844f52b3f97071686123b8c5ca71515a4d7.png,
6f436ec3c2035add8c862a5ae0a2c654e7826abe.png,
6f4e9b75160cf201c44c6c5e99e2d8d1a9bc20de.png,
6f6a11edb0f57a299e123779529a8343c40cc6c0.png,
6f79f483a9bf4023431ff1695f4e20025884c1af.png,
6f86af911a4ee78a39fed6957181075c55dd78c9.png,
6fa13405a803eec1954445b6fcc5bf7394cc1c97.png,
6fb665e15692f382dd97b121ac3f71c3da9ade79.png,
6fc1b6275e76bffd144738126784cef22887af9a.png,
6fc55e5f6717ce3f00a44b11a5cdbb96a91ca287.png,
6fd081e129785cff2cbe9ecd05ad9bb327ab12c9.png,
70069374f7a34b16775d2f9e1213939004ea8bd3.png,
7008699a1cc8c7fb93e88686eca575b27fdc19d3.png,
7028771c9ae51e0f5c9fd22b303301d432a0aa4e.png,
70d466d50c74ecf3eb4440af4501b51c57f29bc0.png,
70e2d652f40ff89d730fb7490d2b08fd83b6c35b.png,
7106fed9c89731f49b2c08e51b199d403d31a0ce.png,
711a96ad867a00d9cecd63e5d7cf122961d64159.png,
7150a59eae5322c58d706cb42b1f7031d643e4d7.png,
715e3305a957135ba053ac96a50af58ad8081e07.png,
71e6dd0c4c6c1b9daa4b1c5ffd80106f93889055.png,
72328515ef52d3c8d153e428475c087a5be96907.png,
7247784ae816c5b72da9362856e2259c21c2be36.png,
728fb80d4baa39be20d2e7adbfdbe9c66188ee35.png,
72a8c29dfcb5ea37b09b4bc6625b6159107482cf.png,
72b1937354ba98a689b1782aaf69293439e83d35.png,
7309e01ef7f2ae7b8cf6ef84019cd134252d1fd9.png,
732070fbe43af8f573cc36b34a72c45a90d25d37.png,
737ef8cec9b7e36d3150fec0117cd5a0faa032d6.png,
7399b863af1de6ff5d706ecbd2d0ca97f713851f.png,
73ff2c9d96eeaf1474e749dcd412a0c5978ecc64.png,
743862c83bed55408bdc56835282ae4fe08266e0.png,
746b3dc903d5bf76f3f9fc4175926e22ca8eae5a.png,
7483569b0c90e4331f2fd8d7c741d126912a67c6.png,
74872c8630f28b29b3c42b77b16a7df003b2adaa.png,
749f32776a63c2acdf8955446d30a43091bf357f.png,
74e1eda999388d0925ef2817fedb415c1a739905.png,
7513c79db264c0348a648a118e73f114786012e1.png,
75192757aab2d915dc91a101f30f256893c0c0b7.png,
7564198352690708ce42c5e64821cba682e94325.png,
759a6f2f4de1fab821a82840a0d610ba10d7134c.png,
75c5698218be5af9f4658f6b0c86b689f1ac9437.png,
75efe35745318a14fbd91eabfd305c973d52aa33.png,
76023c25f81109b269054907ef11d5fe022911b5.png,
762baf64fbd1b990f42389172d6664b2c050b91e.png,
7651ed91e311c16628c2e6ec42157076c80aef79.png,
765b547f03167bf21bc323a87a550b740f3cc3b4.png,
7662bd67c7a138d76a1be18dd98a4eb3efeebf90.png,
767e4fb2f5a59f6ac45dbd21a4a6c8b9e1513c91.png,
7683c289ea7a168ea388044f5dda34768f597c31.png,
76a51c38c8cbb55646c935b41c190028c00a966e.png,
76cb8f5135f0daed728c44543982ccddccd3fc28.png,
76e1002682c81faa58b65bb378f886cbf2ad6f62.png,
7705635156ede43c71e5a13b3074654557950ec7.png,
77533660ff92cbcfa581eafad54ab726b0d4e28a.png,
77968762d149ee8b85b20923d10d6a3d8b9a5f4c.png,
77a295256461791367df0139672b362e2fd4bbe1.png,
77e7f65324d476acac29421446cdcc8d189dc66a.png,
77fc907ad4b0fdf172c931e33b16799098921a31.png,
7800ab1538ac6544cb8ee679e38c5dbe1affe7bd.png,
7802220ec6aa0049c0304c01889cd7dba85362e9.png,
78215c7ba30d3cb51f4680f82e3902235c5d8c6f.png,
782856cf8f1272a1cc5689d8dab7f708f6c8c80e.png,
7863d151a45db38c1e013030a4161849daa7b4b4.png,
787b33d9e3e663b5c2dde9342d40100cb989de88.png,
787d0ff752e8935e37fed6b630f7b347d2ca2575.png,
78ac44c6c71acdc8da30e860580b214c23f8f953.png,
78ad69591cc3fcbc42338b20f7d63f261564a714.png,
78db2450ea176b4ffb3c3dd88df6e275051c4bae.png,
78dfc0a40a9aee6e63a14123b519e35d33949a63.png,
78edc1727aeb6ec441f750fef74958de5376b21f.png,
78f7251a9dfe3db7c3082611858b0d57b775f6a7.png,
78ff18d8f5212ce3f58c94b315fec01c65b21d37.png,
79041f2204014352b49a9e02977129ee73822e28.png,
791f6b2184dff5326d797b844335c094d74cef76.png,
7942e6663b9f9a60e577fefbe25ac71fde592092.png,
79443efc95d8a532ce8b8e445f2dbb7ff4680cad.png,
795c0df09a7a72398d81f8c16a6a7f6fda9f233e.png,
797970d9f3a2827a212cac70a2999047e6739503.png,
7987d1677f64320c442bb303e4128b15bb4b8cf3.png,
79ae0832d075e549a319c364b0ea45f29b558522.png,
79baf2484ffc75a5d1be267ff98f7bb8b5d19d38.png,
79c29a74c71077552f0cab8d49d0d1d13e3be58a.png,
79c490ebbf8c3d40f13a7f21ae940e49da691be0.png,
79db4d00c0d622fa5662024ab09b65fc8f5ec4db.png,
79de1d7e77dbeb4728df04406375e859829370a1.png,
79e0245bdbcd7236e6df2ea5b864cbe04374592f.png,
79e110bd64160128944d8988e6cdf142952e886b.png,
79e85be69b4516e6108155103e472d35857ec452.png,
79eb653207cbcc81889c07e98e01d2f347e382de.png,
7aa0b66cf51b47306c80cd91fcb50267439b06ae.png,
7ab6ed677365f1ecfd9ffef96eb0a37cc2a61ae9.png,
7ac4a846486b1b1b39a99a0d1f29244b9be49aad.png,
7ac92873f294c0a767b39097adb772c45eb35fd7.png,
7aee0f0879d1a4249fc41199dc49876be6e96847.png,
7b02614027754858dc334f10858797386af80f6e.png,
7b1ffdb61e35cb2da92b80401bb956eb8350c7de.png,
7b2fd71ed4455e1825998228b10c18234733c973.png,
7b41c395965ffa429c938e25d9d58ff4902ee556.png,
7b7567f50e3cb289955d2c1b1edac080d5e009eb.png,
7b91f3a8081adf4b8dc8c15233bd3515f3e945d3.png,
7be248877501b52c6ac88b3562be93c20cae357a.png,
7c06a5941a688377826775f9f01fe8375d920070.png,
7c151f604871b8d16fc523f11db81d0a6b9ba055.png,
7c1ee18683447fadda60d22474f97b463d3c5cc3.png,
7c684a6040339ec8cf3a7a536a5c70864d32b005.png,
7c734b1c0d8940f7ac3ef526aeb47db32e31dacb.png,
7cb286cd347bc46cfb6a996e02801149d4c0c529.png,
7cc72857f168f3035a82208ca9cbdc9686f6dd2a.png,
7cc9b4cb5a3445a05b5c958d84ca2ff3288b6364.png,
7cd4765a6cc69a7e162fb2acbc74fb6dac653a37.png,
7cdfbcbd147ee4a2ee5e0b372b12587368fac3b4.png,
7d4e1e784053db9abea822106c1f8fe28c83a9b9.png,
7d5a76a1dcca9f1bb95ab5c86c93983f959195ff.png,
7d97415c8d7ee4296b763d177bd2679b62e13007.png,
7dbd42f40aad1807bed861643a9b5e473be2e6e2.png,
7dc21529759a333ae805c6fb5b77640d4fae2421.png,
7dc40b5a7d62eff29a69cdbdf100f37682e343ab.png,
7de2830960283bbd3d236f864d9111f58b7e1f6a.png,
7e2b4dba2afa5fde3bb3eb46f4d9fa88521e1551.png,
7e4c0c852b55f6427e5538af9ddecf39eebe6c18.png,
7e5c8a764c56cf5522f577782d5eb747b34c2f3a.png,
7ed88aa64c48a8d93ca53a6a06bea6c526951779.png,
7ee4a48e8d525d2be7f8be482215c77a137e5228.png,
7eeb9f349757650aacd452fe36c129ab184593db.png,
7f19aaaff9cd8e5902f1abfe9962d516d6a13e56.png,
7f44599078e1c9abaafbb7dfcdf9cedbc21fd1cd.png,
7f4b8d326f9e69e452482af223cf921ef38e8d7a.png,
7f4c717dac2b093a21189e0a0a832c59068921da.png,
7f7d82537a0954e954c9c1fe024ecd7417858511.png,
7f8368cefcd06bacd539de4a3f5d232f0dd0ffbc.png,
7f87025fbd82a449ec301a6fca5bb48932f57870.png,
800578b0f0381a4a18185bcd4a8badc56937c154.png,
80129bd2cda867c0e008f8bb1e05678d1e6b07af.png,
8028a1b8f12dd69885efa92d8bdc23f5413764c2.png,
802ce7a3da67c802bb56c9b64b310fb1ff9e0911.png,
802ecefdb9238a99e48aa7e22da46e27ecd00bcc.png,
802f5f179e4f4b60a05fb5e5f4f77bc1a7fbf7cc.png,
803649acb62b7d36fafc8177cef7644e2b872569.png,
805927e23592ce3df7fb0e3dcce98632b409cb49.png,
807d27b5571eb6584d0def22901c5c3cda9f6ac6.png,
8080f8adec6ae722b0a763f3e34f74c4e4ba0f80.png,
80a2dcdd06fa4f9537c83109752ea27f35167a58.png,
80e23488251a68bfc74c37d15ee2965129c613f7.png,
80e4e69c26b45448be3e2a11ff89ce559baa7fe0.png,
810dfb575b9c96d1055da2db72f8f9fe560db46c.png,
8154a36563e0d60e2e808300ce6842658ed2933b.png,
81b70a874ebb9d5b4ac84d62415a1ba04955cb46.png,
81e1f999f646b73b428926294acfc38756494fa2.png,
821c71e10492164070c5365ae30300f542fd51b2.png,
822de9b54dfbadc3a8dd69a835052f44fa9a49aa.png,
823cba1bcffa0486e5f595c3f764e8a2824c3d6a.png,
825597db4b7c5b86e8a7b9531f9187a86bd88260.png,
826d445fcb4dbae7bfea363370fae35b930b265d.png,
82932cdcf0b074eafe9ae5a7e978d9409e22f990.png,
82932ff25a5b70479e7de89ce83b6fe0c55efe48.png,
82a8249b0f09441792b1fb0dfa4824018ef94503.png,
82bd36b3ad0b2f8c5d76bee9fcddac265e7f5d61.png,
82cc954049b50531ab76fa34024030918d6cdd7c.png,
8308793f8b601d6bc84da333d93c8ef558146079.png,
8330811ebccc9cecd01238e343c2188fddc180b7.png,
833adf02f72a34ffface53db1d3bfde56ff6dcb7.png,
8343a4ffb1ce341fc61952c66219ec5e7357981b.png,
83a7047ebae81d4b3c27388124988606fe7285fa.png,
83b6bfc37af012ab2bd1cb1d82b176e316436558.png,
83c4d117a640416ab05169d04d63da7830c96c6c.png,
83c65d5991ac729a31e2e25e45d1bf2dc28a7e18.png,
83f3f3302144d11a6da67572379d010cba17f4a4.png,
842173233de43153eb4710ba8185b1f42808f9c9.png,
8423d388a43ac4837f3bf6746fb830a9659245f0.png,
8436bc6f91ac47fa50cd9962b19e2b0b6a7abfba.png,
8486a95cf01bf8419e2fcc0818cc818cb23e987c.png,
84c978a8a6e3545f84d4d773e94a6c658f9d24e2.png,
84d15ac0212725ebe58bdf2a55dd778d823ddf11.png,
84d79a73c9845ee5b06d14c7e65fc38384ac720a.png,
84e18c33896424ccd4d0ff6d87c261fafe85923d.png,
84ffff39120226542b76a239f2859241b625b9af.png,
85236832376d6df303a901c2ef6b0cb5f8a9b8ef.png,
852af952707292bcbb1341c1bfcebc06b088930e.png,
853d28141f94d41ba6ecd21a4a627434b2a47152.png,
858f353604517863c60c0c2ceab72a0a40973a29.png,
85bbb980c68103ccdb78a4d0451ef6198bee9aaa.png,
85c115a4f8b7dc959267c955df0ee9dfcdd2f264.png,
85cc68c99050d3613f0f7b72f8c8e3a65496ee0a.png,
861e2d48d913f35eb667bc8c121f57d76f137398.png,
864f6fce176f6f85dd2df67ad35fd3a9f8eb64d2.png,
8666851df48b99936be42fa823a2383c78431c7a.png,
868c0aed62c081ce5778f426fa6957a2d2eb8706.png,
86b11313610e2bea07a2caefd00ba22cbbed0303.png,
86bab55cdeeefbd024703376588341e2f7660f7c.png,
86d052c0da4ed37916e503e6d57956b270ae647f.png,
86da8c90bef1786b2f15627e9f9fa5836feb1632.png,
86fda2fa1171d727eb06d1ce00cb76a81029129a.png,
870041a6328c12f4e0b0e61fb8ec8532398f022c.png,
873d803a2459d89eef15c577804b662de3181394.png,
8747b93d2324094ee8e87925c5e2b33e77635a25.png,
875edb8fe0430bd4ff499a464d11e914f02ce42b.png,
877294bbb8dc244508891cfdd88020516c575ca7.png,
878b847729e31447e29f05d40b814c529126b312.png,
87a9a57d5baff907239ee46511c9bc7ff304904a.png,
87b6789514b336c173d6e609306b9db60e3a47d8.png,
87d1cf530b31671ea245128e24482f21ef22d9f1.png,
8843439399cb931ece27f46f983db1a4a02d17c7.png,
884ecbc29863fca90b1da7b0622c5380da71fd7f.png,
88658a2dc8c643d995f5de840e9b34da1d934c84.png,
88753d4f63f7cc94762fa87b630d849ef153ca70.png,
887e87a0cf3710b4d4f3a4917c27ca1ca7210a35.png,
889a95a1ec69f9007db2e06a51d319aafe935cac.png,
88d3407453579c6693500a7dfe1cb86d62c56218.png,
88ef8ce32c76538bb4fbac80e7d82d3299378319.png,
8929df91aec4e4ebf073754698e03331008d0308.png,
89d95a60aede476f8a95ee87145c03d772cafedf.png,
89dd1e08a0b3120a9f2b998cd5ba28b094ffe346.png,
8a2db2f60d43df36049dc2eb22628f73c47ce9d0.png,
8a2dc1ff2cd42eaf75d6c72be2e51ce29dc5241a.png,
8a5f6dfdc5dfb3521f864b16405acba560af158e.png,
8a61e9ee880040e757b5d1ce4efc1d0e3a67f5cb.png,
8ad3894cf692d1164558639701d97d5971e7561e.png,
8afe78b1106052d55a91948a05633ed7cb08db2a.png,
8b058cf12d1c8de9b7e2d3db2b9e35147fde66e6.png,
8b1bbc930fb1cf7cea6679f7ef0b9dd08b6ac5a5.png,
8b1d38d1b7fad0f299664cc49ee1209c5375d748.png,
8b8ad709c6e0f1998fcc931599e9454e6e3b0e36.png,
8b9f6928ac98ba20dd8010dc92145ca6bfad0311.png,
8bb09b72476a4a9b1a2a652c88fefed3b8854103.png,
8bb5988a1b9dac99c7f19617807930184021833a.png,
8bec85cc5e9236c1a3fa2e44b9d1fbced4e2ee4b.png,
8c019ba19016086da550ac6854e80fdcdb721098.png,
8c299a16d3375836d61d2c878a444d6453aee184.png,
8c4be6f3321a292fbb78be26291b7bfc56fd8774.png,
8c4f00ea00ce2bfae10e2de693f86155a13390f9.png,
8c557e4555dab790c49d1115c3eda721b39004ef.png,
8c66b1f4ccc255d20b019c7849d1f584e14906f3.png,
8c9312771cbdeee01a088e58ffb63338e2bb52f9.png,
8c9988e67d0801ad8e33e63f3abe10290ca2e554.png,
8cbf24df3d3706e35abb02919092f8ad72422db5.png,
8cceeaccfc416c8c8e6ec8c6f8aad32aa12a9018.png,
8cf26b6fba6b540a35c8be2fbf5e25b886f836db.png,
8d09bc5d8ef1bed08a2ee9cd930cdd2fa68a0338.png,
8d1da460cdbdc513d7cdd53afc6262ed2d03c04f.png,
8d2c24f5c5d1f9df36ac3bcec95d92b77403aec9.png,
8d5669a6e20893b5b2bed49e6dcbc20e10620c8d.png,
8d97321f5e4fbefb8676b6650f455ca3bde38b33.png,
8dbab5f44df3058efd5d0caabf6b25d2bc8ee0f9.png,
8dd2d8855aa9071f792687e66751f161d6c5d1fc.png,
8dec8957d8c48f4420890525aff5d0b6a44d8ada.png,
8e0a28b6957d20f271421c268cf535d8b94a0afa.png,
8e5c9176156718e2afba49679ddbfac99aeec13c.png,
8e931b78b0ae4b27c40fe52668b8f70a33ad5f6d.png,
8eaf59cedd5f7cc468ab6afce81b66c9d7575fbe.png,
8ee0df20847972575fb5bd046addfe13df46bcf6.png,
8ee6f3f275555efeb157630a6149c0df9604d6d1.png,
8efe10f3a07d29ea656d9982305bf1877bd4c643.png,
8f11d92c220fc8808e0774e4befc5949b884e24d.png,
8f5b400ea321f9471c81879795aaa8be1a23a7ea.png,
8f6348a21fd150831142cf302ca1c3cf36274826.png,
8f97829f2a0ca23181da2893d7254f12e52ee169.png,
8f9d7dbc28f3eabd6da3eb1db86b1facd1f3af0c.png,
8fcd296818b4ce478a0077ff23b2fb6f6662039a.png,
9009214e991c9785fb8a30bb025ac72f08406993.png,
90626b53b130751e30bbf102a69693b6e3f9a4f1.png,
90922637b15c872a0116513c3b30ffd1cae7bc70.png,
9097457a160baf64d61e41d199e089a2b9d65ed9.png,
90c10430612b70660bde069b6f729e399000074e.png,
90d0518d5d8a4c554808b757ce60e1c5b9b9e4c4.png,
910ebd2cbbe106f0ba51cf6786e6da9cdc4001f3.png,
912c749d6a3dcea157fd959610e09a496d76b78d.png,
9138b8a4747c5991ed4dce7355975dde34f4ea81.png,
914e1f4ad2bb7ad9517fba78a047417758919a59.png,
9160e6e442239708be3f1feef9eb088132346fae.png,
91bf4702b8c24ffdc4681f2db19fc83cb3b6e8fe.png,
91d6c1568222438a3e381bd273d0a8f65526a3ed.png,
9279a5e99c2f7791e691cd4f3448895e57c151f9.png,
92886a53721f7ed53746b3f955d1f19b730d337e.png,
92a407cc9e880b878f0b090243ae4e5d282e47b6.png,
92b693579e2489c914817b01225eac749fc3cc75.png,
92cfd4534fa8d96b2dd50fd9c42d67fed084b98b.png,
935bee70640fe319442c0c957a6689b2b92dd5b8.png,
93a9ca44bb2234f1af80cb7a3aa29fa7d9ef64e3.png,
93b62ad6b6b637973866486a9900c1f96c19dfeb.png,
9409e2412b8990144d6b6e7b2106cf8bb11382e9.png,
94382eafd51b0823f38c6eb00ff65ca049520040.png,
944515b3aea0ef0ebd9db6607ffa5343f4ccb82a.png,
945bc0b5099fd25e021d05f263df9c300f43a5a0.png,
945cb6299aef9bb31bd27e97795f96038d459066.png,
946023da23ed86c9b10b16d6280023e0e831d51a.png,
948036bbe08123d891bbee8cfcedfe7267c63e4a.png,
949f1181ab245201320ae04f03027a4ffcec6265.png,
94a0dc2d673d40c187059a022db2b580b6bf0cb9.png,
94ac28d10dfd0e775fccacb3d3f20c26bfd8b893.png,
94ca760d3049c30ff6377b9aebce62b945e0f865.png,
94e5835f5620965743aacbada41fabf265466d2b.png,
94e6b58755e6d7cfd3dc36a9b14d57407b9048c1.png,
950b1463aa5c57aaaa0f61bda55eff817ec343dc.png,
951fa891ee5f2d8f5e17e70edc457cab6ee4d398.png,
95277a12d05aad9bad358925f29146021e22dd0d.png,
95439ec1a48d160dd1af9248d1cbef2589df242d.png,
9570d95a492ec7328864357f192163f00918ffb9.png,
95913fe04498aeafb4bbf33c6bff95c697c8af07.png,
95b5cb8fab73919767608cadbd0a3ec19e3f9667.png,
95bb653103bac97241a7c52630823acacb522d6d.png,
95d7057e8bb567a00f6f8a3c4d25494dc7068abb.png,
95e752595561ea3d0c3ec88e548602a8007c8f04.png,
96150db8eed6e0e169680373920421ecd2a5f06f.png,
96366504491a8eb9e4d4e46fe08450f6fd55b78a.png,
964bfed76e2814f993d335ff0346536112c2e5ed.png,
9651dd30ad6688a0d9fbb7645de1cd54fd430a68.png,
9678258c1b9fd18c37272ebc871d96de8e0c867c.png,
969cdb363b70434e744564a93251229df706ba6b.png,
96cfc470e62602fe2edc8ffab7ac0fed83d0fd29.png,
970ad8a70e9bed7177d3e53f1d336328147cda35.png,
976211d794c77ddb668b91803d46013f44d90c2d.png,
9782b50ecd8ac7300605e5eab9eb8d7fa4c230e3.png,
97a1e0e11abcaf35879a44923961add73cbf64f4.png,
97dbd0ef2e0d6a96da0b687e6ebcd8c9083d8e3e.png,
97dd203926b789e702f2985fc322052b73f1ee45.png,
97ef814f019102c60b4a4bf829a6ef2547caf8f8.png,
97f198b90ac0a4e0c8bccd25261374bc1d594c79.png,
98014cd6ccbae5555f018c8982a94f320f06acf4.png,
981209bd329fce9f7d8321b9ab230e324adad286.png,
9813f9d37137f6964ba136f01a0b8cb9641963b1.png,
982cec6c6dca39315a103ec33561da3d09a12914.png,
986e460b6e028f2c2fa6d3ec029c43a9ddccd0a6.png,
9877c60a28e5b568c3f6ddaa7f541fa9474618f6.png,
9880df0d70d5e8f4d3883b56459f4edce6d987bb.png,
9893246b43be34f07ef108017426ced852206ecc.png,
98a494243a35d4a5a33358b63ece7cf6e8383f4f.png,
98b35ad9dddae25553ec632b5ce6a03d228d00bc.png,
98bda8c4adb5c62f240259c079c57be76a333c6e.png,
98e0db475cfd56be9141084fa794937a6d5da8c0.png,
99155ffb2455249a9f0bf0250d0c76c38ce156a6.png,
9937723bf98daec298e1a1f39060d949f88f872a.png,
9937d667598f49e9c7e05d3bad75c2315b471ff4.png,
9944e74e6b52787cb26bf832b322cf93021f947e.png,
996971587da41c3f46bed3d1331b07ff3c09cbae.png,
9969b3a3088310d87b439d7a6e7cff0038d787f6.png,
99aa89af209d2c4babde255d7a1468027cb0f974.png,
99bba0382a03a5496bb8d80cae8774692ce78627.png,
99d3fd86d46eb1aed4db1be358ebd29153a6f5ce.png,
99d9b50369f7e1a4f8f11e4900d6a10071dd4c25.png,
99f36793409206756848aee13e289bdef903f745.png,
9a8588d87bc82e9835c097e739be582f78cd2624.png,
9a9e68f2bb87756b2a48976337c2ad5a9f88ac61.png,
9aae93e6bce28239dbf224ae1867d7d68097a416.png,
9ab34e646d01ec70c5befba10375bf9e25000ac1.png,
9ae32a1b967ef93902a5b400256eb6e3b561d110.png,
9b1b648a85befeec8d9cf585e5c08a580be3f6f2.png,
9b274641c660a26c83046fe4fce98f9f3c8519ad.png,
9b384320f46b41a38e956b7733b17c68cb1795ee.png,
9b4901dd78a8430a09b495e29403a89655f6a116.png,
9b4d3f119a4ab75b8a521546c03dc7c56b4f530b.png,
9b821c2c90088d75e35cbbde72f0ed8f4ba08a69.png,
9b89baee7c6cbdbd3fd5b05b31c57f65fe8861f4.png,
9b8eacd102499f1f31add18f62bb98f8b17a674f.png,
9b99c9398cda0613eeec2610cbc78c1b452c2f57.png,
9bd181a381eed9a5480765e8220adfae355819d4.png,
9beb2e3a5de10dc045fa8cddf34caec8a1508b04.png,
9c013eb0b19cbe0e2572082c381c1c403f680435.png,
9c2093c95ec3947f802c21f8482ce8e2a0accb7d.png,
9c36cb36d3dde5a850997ca987f8868ca8d3d70f.png,
9c45bd0db5aaa30d0f6b65f9302b7156811c595d.png,
9c5485ccd14b043459c5fcfc44ba04ef95e27e1a.png,
9c71400832281ee6b041cdc92fac79ba6bef052e.png,
9c86226b8cd1dec452ade211de41239f2163f9bf.png,
9c8dd33a56f4a5d8565d337e0d12d0aaf090b86c.png,
9cc3de4c030586e03d0d3020703a19e8b304f446.png,
9d037f9c08ee53d1c720d72a493d99bccd59bc9f.png,
9d3e6fd17f4464e23d0fdbbc93a434f8520f8f35.png,
9d45649e530e2cf22b2aca7532b068b026f21f9d.png,
9d5d0bde4903b0c771dddfcff2393f30147373b0.png,
9d9c405eca35cd0223c4c0637b46496a0f7844af.png,
9daff49f44c02773bbd53e3129a4ee87f662dc48.png,
9dc3a8f5a7874af1a8b39c3a4808c83956214bae.png,
9dfd816f73b994ef6413d05b5db9a55eab41ecac.png,
9dfdf25d46b700381ed64869fa09bb7279d70e56.png,
9e291a83662db8c79cb5eb504a62e82423b3f9a7.png,
9e3be0ef7829be5fb57bca86174ce3c5180c6e46.png,
9e5d39c8e09524e58a2c1bb9a95a39d918c694a7.png,
9e5e943546a48bfa9f55505c069f1590fe37a0f1.png,
9e608bc29374049479001321526ed4eaf40eb958.png,
9f505df52aafdf5c867a2f040334e970fe7511d1.png,
9f80665d8bb1bcbd74e07c76b76d868c5c071285.png,
9f832b5deb52b15f9293667e39cf0a4e074839cb.png,
9f8bcdbe1f5a9a75e7210386609aa6b0db8de075.png,
9f8f90572946fa716df1537ca724f4a307f239d4.png,
9fd777f793d65c8e25fdc2cf358783fb34cb4ece.png,
9fecd3019cbea7ed6fe49e238b1f449843820390.png,
9fed9f82709e5b18244e83c34a53891b713a0d9f.png,
a009d2772df8d356ddbc04ba671566ba640e7664.png,
a02971a1c001d63f89ef82306c071a4bc43e8578.png,
a0367087f52106af2a3c61b5731cd7e3ac8e7c88.png,
a0469d677a959c07eecda467231ec150049d0a2a.png,
a04e86c9890205c119eb11c16cf614750de0ce0d.png,
a07577c6d2c05553609eb02da4cbb326e990138f.png,
a0778591bd154ef58cf53e389c9e2c076109a472.png,
a08b3f33334150785453b93c6ae8adc1230fe491.png,
a08bf3fe8f20b1f96b857056195e10a1423668cb.png,
a094234fbd1c5cd7e67231d7792de4822ded45f4.png,
a0d5a5c608a97209208673b2915fda289a1eb25b.png,
a0d90651266a780db805dc1b1d007a70fb67b309.png,
a0dceb7386f716529e2f7023f37483000d11e58c.png,
a0e9fded06a668b7a249942fd8134f3595dd7be7.png,
a10654e5a76d5e73ffa76aa9c78cf907029e826d.png,
a168703605419b59e9e39ce150c1c64f0a4a5d1c.png,
a1a56edb36ad806070402a353beccb44d2db1a3f.png,
a1a683a8d2ce818c281628d6539c72a992f2bd44.png,
a1c5a82b5ba42e9e70a2f69ceeda9e2e3c4ea840.png,
a1c634068eb95a5621075203a13849eec4397fb4.png,
a1c7bf852df1b48de84c533375e872afeeada53e.png,
a1e23a9a456b63921dcdbbb0a84ba1c560fdcc4e.png,
a1f3dc82489c9ac17c4f62eff8fb6c97ca639a0e.png,
a23d8777cb59e0f4945b18ff117721fdc665f07a.png,
a241e83e28aaf8b3e1441c144c239176d91ad730.png,
a24a6eb08685fae413a38baae2de488bc1d686b8.png,
a265c6295aba9f5c88e70044b365101323913ffa.png,
a2ab95940e16faa2697ca9b810e758f8a6c87d0d.png,
a2e540478472e6633d9dac0b7b4063331f107308.png,
a314555377c41ff90a6e586f8224517168138d1d.png,
a334b4412f7e06fd79fd6d28e7e82707f1338979.png,
a361bb5bccb962b548aa9569c5f7558093e5806a.png,
a37f0ed3358b889683c9a36223e69d26724b18ac.png,
a3bbea926d5f96371c5afd5d55f21cee635e2e53.png,
a411324feec1dd7c3699efce60062d7db278e5c4.png,
a46624d7ffc2295f7ba7db0969f4253c5fd0af5d.png,
a471e1adefd5266397150039673150449d161bac.png,
a4d1d6f4e4597bb65b1a0a59cd68e62eac7ec048.png,
a504a6d4201f3835baf05c0575ad6a8c84e2f28c.png,
a50ccb8f277be394e2383a05a593ca02ae4fca46.png,
a5680dcb9e170e34abb6c2efe52217913fc40284.png,
a56f02d1e0173351a042e5da9ef6c9978d4e63fe.png,
a58e622f8d398a353e560a080efb89202ad04caf.png,
a59d5481e27cf4dcadd77151b474a9f6756d5a5a.png,
a5b41a3b2382b1999c18ee1d7676ea7e7324457e.png,
a5d51cb536f896fcbf90dc9fda496998098fe38f.png,
a6113021ba49d8e18e028ea463bb1bbc21efe00c.png,
a62bda72dbbade7f59fc6627c411760a9f238a4d.png,
a6940c67bcf4edb17ad0de8de2b8afce235e482e.png,
a6942b71f6d08635d4009aae7134f3716d74e633.png,
a6a1ec6cbdf7c40b72ecc525761a1c1482e5af27.png,
a6c62a7172c776b6d2a32237cb2144c7099838f5.png,
a6e10e6c61613766bac291d2d6d9283db3bf4a95.png,
a73362a08f1cb4fb7f9bbd9becccb57be3571a91.png,
a73db23502781366e7630eea53f3f4f314df2e95.png,
a7477746f0c4b307230609afd7d18c5e1c5db8d1.png,
a75934b927a3194d5b624951500912f4af79e258.png,
a77a7308997622667fccf0150aafae3b2e69aedc.png,
a79ccd109351a13c7603d6d899a97b46fbc0e01a.png,
a7aa1b4b14eb98f4e2651d25c59400955844bf41.png,
a7d7c5f6eda5294dc26534c714b7f6bafcb5057c.png,
a7ee2fe460ee3954d75adb576614e753d4f90572.png,
a7faebbb66fe012f9aeb68c9fefd0633eca69b8a.png,
a8390ba6a62c135a476eab29bbcbd89a9402f5d0.png,
a839bfd3cd7cff837691491f038c647237491203.png,
a8603df4933f214142cfb5a5cf61720ec03d1465.png,
a871925fa2347c54e8e2f0f7affe088a31971f73.png,
a8722c5c3d6fb6a5161d4c3579ff457ecc0221d6.png,
a8cc195417e3db6a0385babc6f6b51427c43dbaf.png,
a8e0fc55ad021829dae320793f9d3e2b545b0f8f.png,
a8ecee859b1ccd1000a6fa03a1577e3729122319.png,
a9003b5df1bf66a742b8663bf4cdcd5e520dd6c8.png,
a90d59bee717a119dabded720b642a932ded9a12.png,
a91bffd747d356362401f1eb1b2cf6a154e501bc.png,
a93a49c2f37659b74ba9842eb38c637feb4e2aa3.png,
a9424dae995a58be6cdc841618541a80e13fa635.png,
a945d247ed98bde34f4982ebf57278118feb974c.png,
a95576c78425f5f3360ed9d07e736a27876b777e.png,
a972b585fc39c1df764d4dd8816bb8d2cf98ab69.png,
a981a32617c81e02784c6f73de26e5b9a0073a27.png,
a9b3d096cece09796d621cfe45cabdc550882e63.png,
a9bc125cd6f1599842a1ebfb1b3874a2b4929336.png,
a9d0190494f3a2654d6044034e9ba66374eb1c88.png,
a9db59a4230d1f6dbf38926241ca8694b5db812b.png,
a9e61d01168fe111928fc28a5fcb9fca02cd9c73.png,
a9f5d192ebe09284cc6fa7f81302bc3e4857c338.png,
aa2ff3954e743206506916780de51e186e8366da.png,
aa3d4bc360ed5c6ac37b5d7b9ca581935e7e0958.png,
aa4677292bd8eccec24aef87ff306a8a978666da.png,
aa4906065fa8a1ef6e0951978747652f86c88619.png,
aa893fab32c849857503c9d87fa3854f7927aafe.png,
aab21de65f4dc2b90081c6935c99d648bab15802.png,
aac01c21206823bf501e69a33b2a386baf4f4412.png,
aaf96be7f200e15f4fa79c27acc4bb3ad6a6e483.png,
aafb6eb0e5c6fa425f84c7e98af37986e25a198c.png,
ab0a782d05d89fe4db9cf887e5c10db014694db1.png,
ab202ff06090b879b0c5968313957b0166054144.png,
ab26be54cbc4d532ce27e54ed3bf2d49af4d54e7.png,
ab3edf81a629b917f28f588e6c43eaaa674fd2f8.png,
ab8b802aa1fcac48f8026ebfec616e4aabf536c3.png,
abae138c4f43c8bb1861475c37ca80af1e9d6261.png,
abc7c9e639da85b0fd2acc05f3da13ad7e6473a5.png,
abedd7f883ec77d8828f3c00f824d8ca1620a6ae.png,
ac1627a3a586912dd709dc0472ad55dd0d5dae1a.png,
ac1d1f66d873aaf8a68d4ef40ee6aa1daecfe49a.png,
ac22d7e9a9a630bec8ba6272d3e6f4df394e0b15.png,
ac3c83ddb4e4e1278964d98c4fff1c17951b1e6f.png,
ac40d69304f8da7aaf1e17643ec58baf2ab1c589.png,
ac4908f5f6d4b1d5fefea1ea54f72fc156322283.png,
ac8d30c2bfb6cf48d648208731df6e6b4646d619.png,
ac98b8038e1e991b20307bd62317d9909a33db47.png,
acb0b387fe3df3c92ba38f626aebaa0e13ae6e24.png,
acb94f495aee82737f373171bc026e8e0f2062dd.png,
acdb35dcec1670223e7e6a10d136086bfde87c56.png,
ace81dc0be025f322376e2780363984b2ab73558.png,
ad224acc27edb0ac6537bd539463174e229cab20.png,
adb77e340185086c666d5488a888ed053edd1f47.png,
add90efdfd1b09d909c621a09d994980a6291796.png,
adf3a4dd36d11de8ee6daccb69c02879cd507884.png,
adf848dfb90a996d30a5e1fc1ce88393e91a55e2.png,
adfefd98bf767bc25ea2dabebb87fe5aaf465375.png,
ae16f30cc3e3f818dbae9324e3df368694986290.png,
ae83e97b570fc17d15831f1e350a8ef24df2fb51.png,
ae94fe70ad7bb70fb4896fd3173c70be7786f26a.png,
aed7190cb5bb8eb18d972bf74cdf3f5aa22c953e.png,
aee0dc7fe9dbcfa500a1ba39a5699e8745d20141.png,
af10789c3ec4ac21d3e255bf35d3105e05ee2237.png,
af18dd3a730bac282530a115338b57d9827c12e3.png,
af65e2bc4a7ae5e7e7e572c5d0c7095281242a9e.png,
af6cda99dcc8a89857db038d6257411b339d802f.png,
af85c3f0fc2ca61d6d2d7d9a77c44f7b8ef59f3d.png,
afaa354cfbf9dab7ade8c0b00c697892e3f7e8f7.png,
afb019566a8181af10a45d770ec1a70527611822.png,
afc4183e08035bdddcc0e320f1d7b2f3ec306bc8.png,
afeb6690295999a6751bfa40894a636cc0234ea9.png,
b012ad3dedbdc409c39d8a62b0eef68050505449.png,
b01c736ab6f8d2c9cc4542c06d8339bf77ab168a.png,
b03f444a60982c374a75a82b94d9fba77664fbad.png,
b04589dcd4f2576d0f52c90ea4b4c09c0ae9dfb6.png,
b05b7f0a1ae52564357fb28b77addb9b37e582bd.png,
b0e6f4defc12a4aef5e05f6951d5344a2d10f7e6.png,
b11674ddf1981c2351de82b4485d18f9595fabd1.png,
b11a34f3911a03b8dddb011aee7f65242b5c9995.png,
b138b855d2f43a198fd13ac90903558bbf016050.png,
b16d9012ef21613e4386e01900f975c925e946ee.png,
b17ee844e6fabbc376471ca106e9e70e9dc18668.png,
b1931290c916fa7df9be93b4e5f74bdd0bb9160f.png,
b1a751e9c3ae3aaf29ccfdc065299fe602f87d45.png,
b1a9cc25ed204e299946d6e0c7cb3c560905ea5d.png,
b1b8ae7b3d626f0ba9d4104dfd50adad54be91a4.png,
b1dc26e66a13df3a81e92d02f0fa431932083ece.png,
b21917b20b1f77630cfc4e78672066982083a744.png,
b2219be771cb29a50fb0c967adb812d82e7ef869.png,
b222ecfaf07e40676261460f2dafd357d2edaf13.png,
b2a5c8bb63a7a6054e6d666556727ded86de65b7.png,
b2ac1c2006f1ab9ba416b0c1de34ad91e7468b19.png,
b2af0bc47e926c3e4fa596875d705bd9be8bfa8a.png,
b2bcd1564af51f4e1cf243e607c950324c844fd0.png,
b2cfa0734f93935906d6781c10ae4a5a98ba6cf2.png,
b2e7dd529f20110b733ad94ce996121e20d4b85e.png,
b30525891af58334ce3b814e9f7d7e2e93bd7e0a.png,
b3063f90c2636ad27ab248a0530cddfd7782f6d0.png,
b33e85a98a60e4ad1de56bea5d00e56da2ea1677.png,
b3442ab9b4eca4725f4ad698166063f642831f7d.png,
b34453ed2bb78afaa4291f3a83469a01f8756fb0.png,
b3874b1f3c8d125677391b2fa0b665a266733bbd.png,
b3908b61de61e4faccdba41a02b328a5f38ca146.png,
b3c7164711e1e42ead62031e70370796e1e4564c.png,
b3ebc8a6cf0312639051b25ea18d81c6400e4efe.png,
b4168aaa4b4abd6b18df94f1dd8f4fa8ef921776.png,
b43ddda68893a182f98e9f6c7675a4568e549f09.png,
b48fc7d842f1603712112346a3ae222b9f67b6b8.png,
b4a01192ee8cd43d12120b8b8d369344056823c7.png,
b4dd574660645270f74e6373d6830d43722f5380.png,
b51023628b16ba738645138783e414118f9bb1a7.png,
b52cadfabd414b1cacc1f7994871831202a0c7c3.png,
b56d25f48ae7e5a5a9272d847607c309c507ab0c.png,
b581b4446bf34be78f30f5cf6a15ece29f6dc6d8.png,
b5a7d6a34886edb121b8ef8776a1565ebce6ade9.png,
b5ae0644243d589e6dc2b988aabc436550ecf465.png,
b5eb3f07b2fc85af73b75298e6b22a7d507d4c41.png,
b607169dc74d6d0291b555434c19247305515c98.png,
b61c61ab114f05c7a0ebb538c6a7c0718c96f00b.png,
b6345d894bf8d296a8ae9a6405141b4889f5fe64.png,
b671c54d9137feff4a4ef86e7116995eae480a56.png,
b688168b48ca7d3acb6d2237e42a44a37bdd6e04.png,
b6894c3013bd439ffec48682f1d4c286dd8a56b7.png,
b69ef1ff85bdb930bce8dd970253de95235acc92.png,
b6c25493d624171b1aa81f76a41d52ddd448a179.png,
b729574ff773254ad7bf572f4ed6d9aa34d9b30f.png,
b7397231c26e10d3f04c2b0dbc2c31d62edfd0c2.png,
b79423f24f9b7eff5e65769bf335b987af9d5e6b.png,
b7b69bc6916ce09285031cab9b9fe36027664da9.png,
b7be84352cee105610f614e07456e2dc01d56920.png,
b7cfb3fefc7699ee224c53b18ea00adb8abdc629.png,
b7fec555a26573352305a738cb393934922a51cc.png,
b80653c4bc96cc2d3ca928d4f7d022cdaaf0f9f7.png,
b807a5bd96ffba5b76da7931261ca17fadcf15f9.png,
b80eabd7f7b83389182999d5382d5a49b90f5d2b.png,
b8b17827f8bcd8485438a1f11d52e7d16f35b1c1.png,
b8d50f3b85b3a4f88f6a4fd3ffd74bd4b8bea5a9.png,
b8ea10bc1d404902e8f99fe13da493a762d3f011.png,
b8eedf97fb5567b4769dea9517e98465801885b8.png,
b90fa5714fb5cc7b8d756f7b6479859fe47556d5.png,
b90fd65a05ce6d392f51c19b208992e9c36e8eba.png,
b9475649dd74e266349b3df080235feefc9d62f3.png,
b9685e3a0fe68657afb2a5321a07b9a4e4455f5a.png,
b984b3d2e8237f156e850e92f459011ecd427aa7.png,
b989d84328b4eb393c1a92dd5b96af243f14848e.png,
b9bb411c1d01c9190c694f651f9533e16e919372.png,
b9bdcae2692158227ea2e8b1d4d33c132642c9ff.png,
b9f0c96db23d1f445f85a99e333fa0a22c60c253.png,
b9f0d89f7697419e71ce14eafc125c71d50b6dd4.png,
ba1c5c636b1087ee6dba30f50456afe91feb93db.png,
ba24c37e4d83cb580f55110503daf7b523788fc7.png,
ba322f648a188aca51914e5edacb38c00e942aef.png,
ba77b0b83e496ce9529002317b002ff97723a1e9.png,
ba8e96bd5ec8296ed6ebb16b81983478fd4a6fe2.png,
baac6ecb5e58ced414d6eb214498682dcda959f2.png,
bac84b69cbd982bee4e21549b14cffd00e2b73a3.png,
bad9a3da1b70d670a718fd839bfc1e0429c23b46.png,
bade1036acb6fa9d90e4ba665ddfe27734f7874d.png,
bb02374adaafc38d42893092f8e01c084a4ac0b8.png,
bb15d56da4fda96843683d94c843cf2d7fbad87e.png,
bb2adfc03046d70c9d614a2512895c28449d9977.png,
bb301118a693ca24386103b3a684f71421954486.png,
bb44ea2d79217fac65bd634fe6933c759206ee9f.png,
bb631e1441dfdf641b919a55c52074ddcd45b47b.png,
bb91540e0213026a744e2e039bef833ed298a7da.png,
bba97f55717421afcd53d55f3455cc3eb615c10a.png,
bbb59a638c47ed8dfb15eb17d9ef01882848413c.png,
bbc1ecbc225de659be36b63c53521e719b29bea8.png,
bbc48ccc72477cef1b349b9f7f8f753a2bc4dbd9.png,
bbe362d61d047084273dbbce4db18326b1088fb5.png,
bc58555b51dab4895d1ef0a21ebf1541ef2bb1f2.png,
bc72a7cb1efb7b713dad45ee0865c17b2628f5a9.png,
bc7c82360f964b21273b3a5f8409324a96396049.png,
bc86a32c65c054a22f6b5cb4147fb1b5caa26583.png,
bc93190f92971ef5355811ce4a8c7382de46d410.png,
bc94a59987325f58aaf2583ef6c766f689c5cacd.png,
bc9bddd8c91ddd5b6bf93550cb27094b4ade5526.png,
bcc5741f6452e94c167488af3a6017f81c3913d9.png,
bcc864d90a842676cbae9ef779e6ea3a52bcd497.png,
bcf4fe26ff7bfe98c2334e11b2a2dfe9dc525c33.png,
bd0b152d2c3cb63f464038df45a4309bcdd5cffe.png,
bd334091f8e901272d16a1c7798f40d6789d46f4.png,
bd36356783c7d14de19b17cc6d11705049115966.png,
bd4e1f01a02d4e478781cc8f1b489546826a0f3d.png,
bd4fc33465c5c26e1ec9cd306dcbbe4e4295d0cb.png,
bd50e75d9a4cb48ca671603b7efacc82abf00b58.png,
bd59e1bd1b38191cd5d61c4809cc5b6a2465546e.png,
bd9bf6237eac356266d0e27cbe94399fe4a12013.png,
bda55d1720c42c00757eb2cc8d099f9fcf02cc97.png,
bdbce0b5dfa1c60813b0f1cdaf81c3c076b2c88e.png,
bdfe47c72e39e7649c80f2337b1440c1ad7647fb.png,
be0632a1de8bbc3b1833c6dd9c6fc9edeeebea88.png,
be0a3709902973520c3abd01f070f342af6d3f95.png,
be4f17988ece161f9f5738cdf75184f0a0691614.png,
be52a138a0dca9e2abd7af941e69160d08eda7a6.png,
be5bb691e068a59e96d3d30dafa7b406a2ce3154.png,
be6ba00a77bf13a30fed250f42a30ac41f68e4fa.png,
be7347c482b6e250bccbd9be3d030a3fa23e4d76.png,
bee01d728ceecedde4b2d5a4aed1c90db189e478.png,
bf0cc1ad88d56124d0c15cc3b06c22c226f81e53.png,
bf179e1b1b80506dbdecf35fbaebdee367a3a04f.png,
bf4b6d81f02db61505bc606544330cc2b866dc87.png,
bf565db509dd8c7c5c6d8179823c1e36cc1c502d.png,
bf79a35ba8f1dfe6b7b5051a1565e453facf20ff.png,
bfba51e133bb06f31a9438f1461629c785e70c7b.png,
bfc30a93c5938add3bfbe85146ef9561042021f6.png,
bfc3d6d797d34eb20eefc71eb8086a7ec34e2d25.png,
bfd1ff30b54e47f117b24712d1309145888fdfb0.png,
bffbafcf6a14c902040d52e2cc2c0e74f277d657.png,
c020973e5f9926fa19de4faebfd241e6d7d044e0.png,
c0434c12c14ac1b07dbfa121043bc67c68adcbd7.png,
c045ce263962c65b777227b90a5dd015bc684190.png,
c065cc368b49da192fd4cc38702834f437e88cc1.png,
c07635a7426876ab8264435fd3380fbed0d3d26d.png,
c0bc1240b17be95749bcb6f413e4f46e383b351b.png,
c0fb761391fcdfa71ea7615438cd2e3fbbd1652f.png,
c0fe52cd34a0416866341432490d2e59cde48e9c.png,
c10188fe91fb6d119610e1797ef70ff29ba27639.png,
c11e483705f33855bf3b8e8637b7f34827aae88a.png,
c18587dcebf040c4257c5c24b32ef41e43f96676.png,
c185d9ef45aa45aaad0413d8029c8240c2f699d4.png,
c1a9a1ddb076d523a2888f38813e49871981b9fd.png,
c1cc6ed7715f4f824f5618c4bf38c3675016176e.png,
c2157b46ca6c8d759d976cd1019dd15151845fb5.png,
c2306dc6d82aa17d2de16d66a3e7202ecec0b458.png,
c2395eb63fc40631ce3e1334eb183f7c9bcda9ad.png,
c27c8624cd562df2cb04d11827378a8b1b8e1051.png,
c2c10d178a66e3e430d2e30bee1c52e6920926b8.png,
c2dc6688d34668ee06bb038a7ca2be30a5341d1a.png,
c2e484c53953cb1d1242248ab5d35297106a8010.png,
c31ceee3c7369320d4d37bee8390c3105be4ed80.png,
c34806e37cec0cc581d509519d178f6283a8efbe.png,
c349dd710d194219c8796214dee738969dad5fca.png,
c369a959b73c5316022ebb46cbaef0b38d4c2248.png,
c3a7d8efd5a86a6b3934e4f14992786889aaf2c2.png,
c4035a3ad3f22b9ba90548fdac2ea67b32033fcc.png,
c41660df05e817cc0f0e335c00a7f0086591cf0b.png,
c44764782721275f261f2ed9abadb11f4a4b615b.png,
c467ddad32ea194349d6002a570f3505fa13c71a.png,
c4aa0c3aa65cf127ed2fce1e60abc2853db980b9.png,
c4dde5226066479efe5e17ff147b61173ccbaafa.png,
c5581641c5ba7eb575e416ea31e3824b49afa565.png,
c562433e4695f6c80577996e700ad5a82b9aeab7.png,
c58ed2fdd92b98804806be6e8d39b8b1e80aab73.png,
c5d12ec6cf5763a8b2244eed645da0fa74ad2248.png,
c5e643320dc39e667d37f0bbd515bf81b71008ff.png,
c613fe075dff0ad761569ace7c7365e43a6a85d2.png,
c62672476c757fb759e4f744c7ad5623f0b4d490.png,
c66ab44ca81660918ff2c548b2083135c4d746ca.png,
c670c1c64c76062aa097d2627baac762a67db859.png,
c68ed2430d76eb14eb7f250b38b4171d7ad9c3d2.png,
c6ab1af45835f7cf283048f7d570140b56a859d4.png,
c6b09ccfdd0098314ccd5652d08208a9ff8b344c.png,
c6d0be4b922604d56bd99ad6f02f8e85c16e43f3.png,
c71da39bea29ab7974a8628f698ad027f9943453.png,
c72a8f76e2b41d30c227cdd28c90a7400db34e52.png,
c744e8e13221416fae9b165d48998c6d96e275cd.png,
c7c98ee6bc09d0323abf3efa2248d614e4fedbbf.png,
c7e05b86989cabb66bfb76f72af6d713cf8bd469.png,
c7edb989b18ca9404677ffd94e38a40a7c80b2b3.png,
c7f4a4793be1203be47d48e054a88b0f9f9c006a.png,
c8021451d828ca8f16e998ab681af96fa397f487.png,
c806e8d5faae54c0329ee718b8de94fb0b58a81a.png,
c834f30bb886d81e56d3a390b03477ce6da40e7a.png,
c8c061ccd09672ebe983c330ce834b4b5ed034c2.png,
c8e65b6fc0ab9f426daf3b171fe0e58ec524589c.png,
c910bb7d7cb68a17128061e25d9147e1da539404.png,
c9129229cbced5d1d11cc018a173247308608676.png,
c9243bb60e0bba8d74e8c097c6674ed8167ac715.png,
c93ad8ce24719e433f7cae3882195e9c21a939c9.png,
c93e3342de1b00c5f29f3b9958c2ad1cbe4f74f3.png,
c94871f59791734cd9fc27b7b49591d3c9a66e0d.png,
c97e989d085f60d82674f9c2fc17a77765b1be00.png,
c9abbb6e48ad78dece7e6930842b13f22f69929f.png,
c9bacaeed1e6c192c21f99ad85d61af822957c4d.png,
c9dc120e88e20a4efbd716d34f08a14ce4f91f2d.png,
ca05abe51ee593003bc74012bcbd5788631c4eaf.png,
ca19ee73928ad45053e08edb5343539656b9635e.png,
ca2741d6290d631b603d71074899d5a9abafc41a.png,
ca74e9f114ba6d6332ac992401cc389a9614e5aa.png,
ca9a978c5a96c9f6c6159148defdd7ce4bc2a11c.png,
caf3c5cbd48b990e18ad786c8b2f657bf02d07ca.png,
cb27fb871c6818d33f892695c5a867d4dff8e7e2.png,
cb4ec361ce3a69ee0eaaaf01f8f51f525aa42f77.png,
cb77ef87d3c70734ee1bf89d182af19db2b58a76.png,
cbb4ab09e0bedb51ef20f6fe91e171b0031c83db.png,
cbcaf84c0505a24faff2f4076e795088a5fbdf41.png,
cbf9c380a0a32fd8639cc2b0e4764a7c55f97ad8.png,
cc0606570f7b64e99c02762f432703ae43d561c8.png,
cc5dfb38f3d95eaa3ab3fd53f1176001ec11f60c.png,
cc664de5b1849b2bb496cc954270f3aacb6a6dee.png,
ccab8afc21dc9f51e945246399523f6f3b42c68a.png,
ccdd42e6928c5863a41c093c4faa7f1953c867ba.png,
ccec2903959f772055c5892b4d13d8ca9f35df2b.png,
ccefec5b39a5c69940d8f32ddbc795500beb3cc9.png,
ccf3b4ead469bdee73a899b67c18e99f26087cdf.png,
cd5d164398d4566f84aca6a08ebe64c45c312bd7.png,
cd6690a2f5885d430c1cbe3bdc538baca9fb75f1.png,
cd94468c1a69ae9503f4f8d6eae37a3cadd2b058.png,
cdbb14fab93927c3b08402f9e380e1b1a9ee0c51.png,
cdf7bcf511b36ada4588524e65a97f8f029ac4b1.png,
ce03c79cee70b07bd6ad4bc2f1945ed120562385.png,
ce26a9f25cb90b1f7c68979737b9d30950bf8dd2.png,
ce40f682f7a5ea4c0bd7d51c10bdbf3f2996f717.png,
ce496c085fe7f0f75eab7528a7d26c0084a67661.png,
ced8883cda77b232cffd1e7f18df5d0f02b81733.png,
cee6ba7f4abf83991bca501f0ac9f1762aa743ad.png,
cef135c9dcf62e290f56839db380e897d2de67b2.png,
ceffdb8319d5165a8895b506cafc68c38a1570fe.png,
cf10edc00f6b9d42fb2eff392d3e575980e3be76.png,
cf2ab61102ad84a088f3ba67403823cd2b1fb239.png,
cf8364c3cc45be9cf03c8de9e98965542512d8b7.png,
cf97fff38b69c2ae741f122375ed8f78b3d3348d.png,
cfa9688bcca3a44b34ee428e44d83d2b9e420a1d.png,
d018cbde6c9f8d22861e4cb24b144cf4e8c3e0a3.png,
d02d3c18436f4faa37a4d96b415f9171d603d22e.png,
d0721db8cbbbc9df29304e5022a1b3c2160d1263.png,
d07d33b6013d2522e11ee4677ec51fcb7ab6cbc9.png,
d08d9388920297e98cfcdad978382a346a2d81fc.png,
d0d0e1b9435d4db9cded5819f3e409f51a70e70f.png,
d0e0d0faf7c3d0252af21bc213298b3a83ab5f80.png,
d10225dde055e63578646943833780e09b170462.png,
d118a671ec9700c751649c2af176dfb71d6dc403.png,
d11c65c757fd7d7ec72b517dca5e24b2bfde22ba.png,
d17b60009db8b4342fb93a92a0b637d7e10cd13f.png,
d180ab4c2bd1f463edc12fba922a632f9520d078.png,
d191c0bf9f013b7d29f7c64fb9b4fb542f6b594a.png,
d19f4a1725af573d3bd452bfc5b3cf53082b04b3.png,
d1c1454ad615463c5523ab658ee08ff746b53532.png,
d1dc1706a57083bc255779a0a4167daa2a56dcac.png,
d1e52d429b1b7d4dfada6e68d301771b25f920bb.png,
d219463e2bd85af5d2c742dee00809b1e597e754.png,
d22d07d611aa900b4ca9f035cf76614008bb1547.png,
d22f1ec92c4ce760bab39039de699753b7dd2514.png,
d251caf36a1c9b7418848d84c22822e03029573d.png,
d25568e8614549ff618788c3abfe7fca2b45bd56.png,
d2a1f59f2664aa2728246b8552e9e0f6dfcec77c.png,
d2d23b6627a068a5098823207b18cee3a677163f.png,
d2e640041fa26276aaa9afb7e3bfe1592f5ed98a.png,
d30831fa118dff9823a4fa3a5484f89051d42888.png,
d309b226f498386c9b451cdc9c16003cfe4ab24b.png,
d30be05ad3a80cdd44e23233a22ca20b0f3846dc.png,
d310e486754e4af30a8de8607f9b576fc4af236b.png,
d32793fb5549c893806460e8c55ab35cb40c34e0.png,
d3428349e46ce32f14579904caa16bacf8687ece.png,
d358b438241dbb7a72c9347081e8215a4cb9bc4e.png,
d3697f2820fd396069e40e103e67f9a354c765ef.png,
d3712680342553524e6ab6701e7e9c1596fdb9f6.png,
d3910f25d6a680f937528f001e706f9041ab591d.png,
d3b0f912e5b2f399b71c5179f3275b67097893ae.png,
d4249e8fc51864f3c479de58416ead04dc0d6762.png,
d4301741fa3adc7b4243f725ff95fc8ea1a97ec2.png,
d46bdc1fd223a5a40525d7c85781a35ae30f2940.png,
d4a008cfe0ad4111c4d6d33c91da6d32838734db.png,
d4c51864f7d04bff286b3e4f8557a0695a80671f.png,
d4cac1e13b5a574f50e244e7bbaae92b7aa69787.png,
d4d0362c688a18b932f2abd29adec86d63d81ff5.png,
d4d7fd70c7208e6a2cc653d571ed187606d4dd2f.png,
d50620855e891ac0a506ec686571cf0313de66d6.png,
d507473f1c7108e9930ce40fed2d03baa737215b.png,
d50bd67969c0d96d0d545a3b1b09e80190b3c41f.png,
d50efff8e7db1b772618f528258abecd0ee7ed29.png,
d51b5234d0fae99535a3486ac2cc69ac4fb4575d.png,
d546b996b214575070d5c5113e4dd55af6c9e7a9.png,
d57586aafd22dd28ecaf4938708d208993384381.png,
d5d08303377fbfdc1608cd4bd7f3ea229c8e9dfe.png,
d5daa45d62c43c483efb6041e97fdb015b013260.png,
d60484fe393979d1e9119b52e6d2a40049a678cc.png,
d645bae70840e7b50d47cf2c3f97847065155295.png,
d67ece17264054722570e96ad4ecc91a38d5e326.png,
d689889adfced9f7133e3672b2941011d93abffa.png,
d6aaf7f1951ff4b611b44b0f7ded949233290309.png,
d6e9da4813fcb32a89d935782e7f225a33cf38cf.png,
d71d4d61f5ce8905dba72f17f03cd1aa293edac2.png,
d72660bc6ced0166c0801e81eb9275f9465b7072.png,
d77f076fff090a508f9f6c7e7f6c26053e37bab4.png,
d79060b11c1bba157caeb4b9c15684649c1323c0.png,
d791a76b02b293d4d7d91dd345acfdb312c0f416.png,
d7935c81fadef0ccc7480ff1dd989661d085d0ce.png,
d81d490f0cf21d79009743d2cf82578ff5525dc7.png,
d832180d0278acf69ba997ce491b3fa0e2501c45.png,
d8566b37d29257f6fc60c748763773236a3e467f.png,
d85967af87825f8a0a7e003be7c3e16dcd8e3c4f.png,
d8ca668c4dfa4f040546d43634f1f64d82e9f229.png,
d8d8239849d756fd0e99aa9736d945a1b1b9fb4d.png,
d8e8ec7d5f1e8798bd7f84f3323e75885db3b764.png,
d906ddc0ab43b6c376e81aea298a478ef544e81f.png,
d91619eb07546f53cdc7eebc72cf2ef0a6ee524c.png,
d91936b26779cb4b2f7b71743fa2c6b53f0a2e70.png,
d95946f69bb3f086c103a8ad948679e2dace0e74.png,
d9c788c94f5271153f1426cbb6dd1c059b27da9b.png,
d9d53226a8e58269fdc5da18c11b43995edf735a.png,
da1fb1751a8c1418f233162ec3ed0deda82826c9.png,
da36598fd6d06f24f2020a9be366822636535bf1.png,
dac45201892b77c1435293fb6db1f364bbd6eb37.png,
dac97b2e48ef8a4876f66d8bd546db2bd8afa4b2.png,
dad58b025ba524adaeccaf994ea37707eaf226d8.png,
db3112367d613865f448aa2bc4323ba845eb10e7.png,
db3d297f9e3c777086395f55dfdde0e1083f4366.png,
db51e321e57e898f9311c06fa140c8bdeef00d08.png,
db5d3c7138005edff23ffdc86924224e4cecf4b9.png,
db5dee5fa77889d4d81cfeb7c04ff9a73cefb84c.png,
db6feb42abfbb84fd561ee4dc0e9911aa90c3589.png,
db9984976e2f8bbc2b1c093c90058dc6b5e0dad1.png,
dbae571d93e741c4dda5ca9f185557dd309967a2.png,
dbbc67a50a1eedf83986d70bcb91b66c1ca59fa4.png,
dbf3e050d250448e15aa5785dbf3fc0a05e852d0.png,
dbfa76e1364e6533550748c46b560def2977ae53.png,
dc328992d345554859ce9bc0545c4f445e64c823.png,
dc54673798d8c7e4e5c4be5758c653eb1c8f983e.png,
dc79907b7d3811bba4db1ad5d605e438d5ba145a.png,
dc84c98aad543d43e0f535bee95e5890ff0df61b.png,
dc960e0d41ba42e1c1aad0f206092c6cc1981791.png,
dca75b928be44fb735eff3cbb2f2a11c717e66c6.png,
dd2f5e29849ef3d6d3fd8e943ae839c5b63cf448.png,
dd69786f101a0e1cd6ef971664b89de0d4a0d9b2.png,
dd699d2ea18ef2a40965ece2a02485254d8505aa.png,
dd7c18edc808f1ed5edc571eee4c6a5b9ceb91ca.png,
ddb9cced5e0c091f72dbb25e91f818850867632a.png,
ddbd84065ce3a6600f7f0c87bd11463c238004d1.png,
ddcf79b281ea60db3cff9b1c132ece040603e895.png,
dddf52af2f7e9219253e430e3c7ee10fa65ee253.png,
ddec6d3d2d08188e6127cfa5da669b1c3b38bb92.png,
ddee64d089a7a70e88c4204c46960e3e2a9746d4.png,
de08252d1b89b7de7c23d0ba67eccbd8fb8581a8.png,
de7d1a22eebec54b7eb7d5604f4c9c1f3a3a7b9b.png,
de9a625db7528bf46c261bef550e0ec2baa044cb.png,
debb5febc87269c061e7b57674d0b84b86c21251.png,
df0f5f19f68a856224c2351da9d24aa180d635c4.png,
df25ed5a2a193498a0153349068d08113d8c5ecd.png,
df2c2e542f32b4f1f557574d8cb93ecfe8b24000.png,
df4676b8f7d684c891e4b85c1f7bbc3cb106ca70.png,
dfa68dd83771e4d7f158a4b8d8435d21984ad03d.png,
dfb149027927e331517b58cb8426e0464346e249.png,
dfb4cf1fca3104dc7fc25fa1158e706ed9ae051d.png,
dffa48414ae297b2f64e98230d0148a2a25c04fa.png,
e05ffb0fd25de40832cc4813a9d211ca8c197e7a.png,
e08a589191cb99785dd98b9b3edf4fa454838db5.png,
e0b25fc3eb2317439c03188c08120d8c5c7ee87d.png,
e0c485f8e2b2c8903dc97a9a4f2849d2e0e500a0.png,
e0c9d9465d5f51b0f3d3fc12019a6878b46786b9.png,
e0d9f32d7f87d541bd3b3c705c9e834cf523361b.png,
e0e7e44aad4e694ea934c1806a37120e536b0c72.png,
e0ebb5f7ce965d6356abb3c3759b3014c9b086e1.png,
e1121bde56671058732316a1dd29ad822e6e4740.png,
e12e278f9a534b11de4c9abd197301aee57cd5a5.png,
e16b8bb8aebc286503cc32d16936e17cab03ba10.png,
e19a68a28503298d2fc523e8560a483b0285a0a0.png,
e19ef1e4c41a3ab60817593efcfa5808e5d42bb7.png,
e1ca76ae761755b1bad36566b7b47ed939093707.png,
e1cd7250ae0c0138b71ae9e1b3be5f305ace2eb1.png,
e1dfbd61e9496f0642693a84dd606068f638bb20.png,
e1dfed2e7f8292cdd139366ca4f28878342d4df1.png,
e1eb11bb3d0888a83909fd29052f5a98c2ee4581.png,
e1eba05684b8defa77c9834d23aa369be34365cb.png,
e1ec2ef63f659b51deacb06d1f60b34adf08d605.png,
e20104a3023dad01707c8546246ef9e68e895d18.png,
e2018075ebc1b92adab4fd69a5d37ee467ed61b8.png,
e2164fb3d82d4a37e901b99396ea9dcedb59b4da.png,
e22cb3daa1e4f749c6a7f5c8e19a82760c888a16.png,
e249dd041e0e69726494ba997b2b13f8a8af3c43.png,
e2ad317c744f7e85260408dfa89308679c875c62.png,
e2c4ae780ab4c735d67e792018dc5d76a778684c.png,
e2f1d3ce180337b5366bc4867815d19f3acd1e37.png,
e316c700f6f1a8bfa4b45f30a37840e27fc8304f.png,
e34f893cd18574a2489b40238b3616ada2708da1.png,
e38b0eba67c31a84fbef382bd28d0e9fa88a8c05.png,
e390213aaab84e84f952092bdd259b113b1cb19d.png,
e3b65bc47768f8ee5edd7879dde2131439daf9ae.png,
e3ce5c597da6094e7896c45e2e40e1369be7d762.png,
e3ce5d926ec5acbb211058dff2e3c18b8e0bcdcd.png,
e3d6d995ab9061d99da5ed9e190eadd928b95b4c.png,
e3f51299ee6efb4a98a9a97476e284bb04f99719.png,
e427acd3f6bf690268f5aae1e5e13682a51dd1cf.png,
e44abc9c0c0a436a65b0659dd02245fa6283525b.png,
e4735c0c8b2a3f233f256cf5065daf80246da73c.png,
e4865367ad4390a51715b037d61619ec9a212c79.png,
e4a51a482130e2dc6a9424032b93f55b7fc13d29.png,
e4f34afb6ed2dd56274a2d4b528526d0d2b14d76.png,
e50bef13603a7e8d93a6c7881c3767f27325a40c.png,
e52087afb43eb8fd07aa13f04d5f5b629eecbd02.png,
e52fd3d5074e86dc8669bdbe1872afae5c4db14f.png,
e57ab6daeef68878582a4939b5307dc5701c942a.png,
e57f89f19eb94c95facca64df77ab0cc081693aa.png,
e58f2e4515d4f4bee86506fce8294b81aad83f02.png,
e5930177c7c9a06e58e6bbbe2296cc9d1159cc22.png,
e59d27c65f13a0624254e5e2de7e2d245320bd9b.png,
e5b70828024c69130816ee159b57897f425f4220.png,
e5c0f1f6480905b0b308707a9666db29e2da3786.png,
e5e877126d5e502c1d9f4a9e82438755018010a7.png,
e602701f92b3c4358cddef07c5c8be8a97d867e5.png,
e61347cc4afd2ddda384aaafaac355311e8bb083.png,
e62d3568ac5167f663a437b42b4dacde99c2e474.png,
e649d04a3212bec914ce5cec18e78e125affbeeb.png,
e6acaed7cbceb3c823738a2471f44c1dd006fc5b.png,
e7393d10e715e7bded19f8ee031404dcc62616cc.png,
e74b48505b56723a93a6d88d27d5445f6d72931b.png,
e7651ddaf78709fce01333386627b620640d2a48.png,
e7824a51de16cebf6fafdec6164b2c1a0d962641.png,
e7a678d2af8a9cd851e8bf6c2c4120cac26a26b0.png,
e7b4a649ead2514173a33457befc72b5659c981b.png,
e7d354c1388f400af1701481b5a980e73b712aa4.png,
e805a1a25d6b6beccfbc032c50a29721d174299b.png,
e80683d6550b0759980ae64a8d23ed5fac26c391.png,
e80c40008bfd2f3c4ced6aced8519184c4a6928e.png,
e83d9cf2c2c645d3d19705a9397cb843479f63ee.png,
e87a94e7eb920c3a90718c48f9f40295bfa66d96.png,
e8bb84f1637ed25443dba860945bca459f8cf2bd.png,
e8cf185fa116e7f518ad82405ca7ff68c5afad9c.png,
e8d0fd59aea5da2a57e39b1812128b9dd63f2582.png,
e8d60eff6838d96465c8e5257d79d62c47b4a912.png,
e8db1a335bea24777555a0b1062ad428237f54d0.png,
e8ed828a9d6b64b7f36b9650db3ccb5a347e68ea.png,
e902edcc16f09d416acf1e2c86e7480a0b41d789.png,
e90f6bf1ba641dc783cd61bbf80b8c3778d72b00.png,
e910b46ffd334a0f9b13716de04345b1ac7b4c1f.png,
e95e88a2978d3f63360c81debf5d4c0c4284b21c.png,
e9a30cc90905f67bba6198c9c16002d9c1b93c69.png,
e9df8f78d8b705e26fcf81093338eb6d9c0a04cd.png,
ea1042a12fe0b855bd97520d2e8d16dd8bc25365.png,
ea58e57a75376cca380b9a6d619133da16fea6dd.png,
ea5ca9246a1bc53eb9232faf341aa8cfe84e6d35.png,
ea7c64359e2b95ecc84328607ae9a7f90a8ed4ad.png,
eaa2530787c8021a35c01ec182c8a9e0d02a3433.png,
eb2a4bb935d80382c6bce06f2f35b081107ec3a7.png,
eb2d8a3b78640620f9c7d7fe6fdfae943bcbf799.png,
eb513eeac7ed1601e315fb971fe674075cb43d78.png,
eb8fa8258a5f371771310f8a8792dcf509d4266a.png,
ebaf0418f2aaa546cd46cf012397a5bf236052e1.png,
ebd3907551d47f6120720749a70620bb94bd6593.png,
ebec86d3273c02959d34692970250a2bc495c75e.png,
ebf8c08d3b7d9b80dfb2129b0ce0391442cc2c7a.png,
ec021b70408cddf7e07bfd5355e10e21e2ec3691.png,
ec1c4352e8407220b85cabaddc08e59a57ed4b98.png,
ec235764651fccb028f251648433d19ae017b04b.png,
ec6d700bee0edbbd44b254e9c378db3870294b0d.png,
ec7e7e82d2bd87d63ed4d10e94009f739bbb0ed5.png,
ec85cb34c832ca8d7998e0e47c92a1ce6e1f4621.png,
ed29e9a8f7d3535d2470c631881c06f47e4b6b97.png,
ed3477655fba6bb4d8eb9720e4f286d8a3fdbd79.png,
ed443b0786151d8df05f5e50ba063c6d16f48267.png,
ed4b241e20d1fe1664870e08064ea750d12ae294.png,
edd576e447d24faa2ebab5e6bc89f6794134fe19.png,
ede58ea43083b093aea378ef8f804875c1f87dbc.png,
ede8b11f6d2de27d06e758d4a03215aaccd3bd6f.png,
ee08df511d22bc80bf2243344c35c583c4f11d90.png,
ee346d16c138356d0ed6df415d413e21dd42ab1f.png,
ee35efbd7f2e874c18347d13b8c37898fc6191a7.png,
ee43954272fa338df29ab9a91117843ebd1c534f.png,
ee4ae5508d0f2b58c2c817a71267526b1645eee3.png,
eead405a5e61342e3d020bebfd7ead12735bfc58.png,
eee66b9c2670d44dd8cfa463b6cb4642a92ba8b9.png,
eee708cb85fd27184a0eda18b014537d4d138b5c.png,
ef28c445d617ca788949e8240cbdfb0bf6b1fddd.png,
ef33ae6e21c1e89a58bd00767f10d1d212c52f35.png,
ef3416842509b78da2e9eb827a8a694da0c7d811.png,
ef3779096cc15225a9f24813462e6681b2f7fa88.png,
efa2dfac95b44f89cf737530ac5d8575a7e7c871.png,
efd5c158f0d0824682ba9a2db648c484e3ad566b.png,
efdf6e9f5a4b46aca20539df003e86c5a3755b82.png,
efe2805d0616ae7d3fde3e364269850145c81e1c.png,
eff382ece2dd5af1bb3e4b0ed112f990b2a35d0b.png,
f087857925fd89a09dea188b547f1f82cc9f0748.png,
f08e711a79bba43476affe41dc38b25ac1100073.png,
f0a9609a0484c36cc4344f49178065ae73b3ea19.png,
f0ac136dfd4aefa3c1a3e50790ad83adf4fbcaf0.png,
f0b0f0549ea61099d4b85ed7ea507e09fa73fd90.png,
f0bd2036ea335d7f3230a6fb0d335202d407ea2a.png,
f0c973c78b7946b3710113976bf1e5b3067922b6.png,
f0d261adf9561d76b1f6f9c1ca570ec318ffb598.png,
f0e3eee65272fac019beda9dc964f7c9c3cac829.png,
f0e5adde45986a7ba4cc1c2feec760fbfb407a8d.png,
f10dd3c4304f712f9f150531107ecf494e4f2158.png,
f126dbbe5f2a3a2762775a39cd8c5c87e522a13d.png,
f127527503abaf73ef729fc35a51c11971cd8735.png,
f1552b172736bd9b819e78e764a86588a641f710.png,
f1ac16648d94694931a8518e5d6f9495093cc820.png,
f1b0bbd2e109d4c3b23fc94b7b961fab9c0cf43c.png,
f1cf9571aa0f0718f69f71b78cbb08f8263be526.png,
f269a366de3770698ea17e9c82108949ca37e625.png,
f288335a11f7854a2254e4b8cc6f1e932e4942b1.png,
f294e728cd1a99260fffdf273e16a2c23ce31e6c.png,
f2d53c534a4319632eb151e7987f4a63786a9716.png,
f2d96f3549dd097d581dad77e09ee6f827b390b4.png,
f2fb26a49f314d5c01628c87c912d00a1ca0cd6c.png,
f3062ad400b37b6f29d0fc59ea78bc81bff9b794.png,
f318fe7ec3d59afe27a63d284a3e5137d36a49d3.png,
f3202a111a25450dadc8b28d79d55cb9ca2ab6ac.png,
f387d0469ba22ec36f4dde61ee3d186b40777082.png,
f39bfbcd745c59718620d0ef017d235ed78e34c6.png,
f3bfbe09c91fc89d18558344991afd597cd51558.png,
f3f7a976d0aa68793dd2fe7aa92cf53c8f2104ee.png,
f3fed721ef1596fb4715aafbf2dd6d186baef87a.png,
f41b5da7faddd6c268fdaae76da9ff405934667e.png,
f41c04413f5f8ae08a6c5e117529549471cb5b3a.png,
f4291ad58409c0e887289c97ae371be02457494f.png,
f43898a146a74c5f435c44fe00ceaa315feb940a.png,
f455942ac17b12e091506e791dd10a02d04dba9f.png,
f47803ab0684ada1065e038403717debc3de07a6.png,
f48e9036e6e91c806576df3ea8efb05e2d0c3133.png,
f4c60d68eb80b4071033d8732b1b3d872e2be224.png,
f4df8a3aae68dc930ae2e735d61121ee1215df75.png,
f51f4ca00d68ec5141ab16fd64dd7ec0a02e7850.png,
f54d46bb9965c10699382b336e31e0835d740f5f.png,
f5ae140be1c2b019ed549c1a84b85e74a32a689d.png,
f5fa9a835f951d40d317cc5b02698e0cdb0008af.png,
f604e510809a9d42ce48c3ab9bd09ead79a8586d.png,
f6050ccc9ee53d67bfd237c7ac4ef1fc15c06a03.png,
f62fdfd1c15523a464c893d2f93abebe5b7c50c2.png,
f636ba7ead7c14ef0a8bab51e664b5bdf9958ff5.png,
f6bc921a17f991d5477f9bca89b4a69e4d23bfcd.png,
f6d07fbba47c884d64810b8820d09ff636ae6fac.png,
f6d6b4ccb59cd299d01e8a2dfd7b8564e2f85c28.png,
f6dc3d4e568a3c0f1adf8533d20ed52b470b46e5.png,
f6eda7c514aa0fbdc5d65291eb5fd132cb4f2813.png,
f6f91c556136e3e9e899125f58e291704fefac73.png,
f700013bfe014d94d643ec2c40fc7e315457892c.png,
f700ec02a661b6b8ad2e4da05f9808a914c0eca5.png,
f70ff3903777ba871ab6d5047ca4b096ea1f2913.png,
f747069397bcb7a426a16ab69c1790f768a2e2f1.png,
f75811690c98fd586bcc0654b85abb3938a37eec.png,
f7c92950ff9fa15b6b5fa7c83011619161d4405f.png,
f7e58b0c03cdbdacb5d405de864f3dabfd81ff1e.png,
f7f00030b2192d3784d2dfeca7619f8ca51998e2.png,
f7f52ed7ac809a2f3db88b84bd905bfd3069cb2f.png,
f7fb6f7fa8caa72338e5e518142ccae3f73cfd73.png,
f822965dc6204652dd27d4cc07d7c19be481698e.png,
f8455cec83fd4382ea0e189d4dd838eada630d0c.png,
f84ace7e4acbdc8a527f65a6da320fb6d9e69492.png,
f8601047490223a27e6c238b92b7bccf0e957b9f.png,
f8a9339b0e872c8204358178b4c74fa0e51983e3.png,
f8b2ba6fb32b8fdb078678feab094cb03feef512.png,
f8b2db847e5857f0228c2f8fdaf53f51d5878fc7.png,
f8c3aaf8fb835a01125f337781bf7f4332776976.png,
f8c480e54b0fffc9c58095eda040efb0870b08b6.png,
f8f403a6617af6bd7a56298bfdeab431faa64e0f.png,
f92136f1670d30be57aaada83d18d0e7f5ae91ce.png,
f97ca00e55c4b0aa92f0b92b9e17222785e8f549.png,
f988d19ab32738c7f9587c307fd120e7e04ac8ea.png,
f9954d5142a3699a96d03cea731b124de80a400c.png,
fa0118da56f20530e3f8b6e4ac18540d429147d3.png,
fa0fe18a584f793c87ad3dcc690cd958ca23e65d.png,
fa184da94717e254ae58ff7cf2d7ad52bf7ec8e1.png,
fa3c7782b870f4d64df5d44d5aaf978a062dbccd.png,
fa47f022d81ccb1a7afa8326a50a152dd9987a19.png,
fa6e0898fa2b6811475bb9066d271872b438f4c7.png,
fac15feedfa0c67d94d128dc90898bc91cecba6e.png,
fac4db6c995c29f53cd5d61fbc2b633aa9dfd800.png,
fad9580999a5f8a2582911be22fa91c9e564edcf.png,
fb013ca8411fc85e7edfe2271a9b93be4cf8ca7c.png,
fb409320b55783d48a5b2c4649452dc545e96af5.png,
fb8fe42f46f209c896c79a65acd529fc521fbbf1.png,
fb9864664293e68d6d3b8c6026e04d6e377a9d34.png,
fc06db10ad90164bc016ab0d265baff834c4a418.png,
fc0a583f0d302590964f9eac5bbb96e3744f4332.png,
fc1233091023b984e73d69573d8dd28169bfbf89.png,
fc2cf0b90d3545c9d3ab1cf8fe5ed7378f1e3802.png,
fc666a2969f85b730405d753d10802bf2cc5ce5a.png,
fc6796571ddf8c76242afdfa8aa4b4c69096fbe2.png,
fc8173ec7a7752efcdd136a07033a7504b3510e8.png,
fc94885253a87274858caa75272c82ada2af8cc1.png,
fcb2be08b6779653c2e83044a5fe18d9b02e8bc7.png,
fcb6e7bf786a3e3080aad11a84e5fb3f3e847a6d.png,
fcf6885a1c640eb3cc5bf70804193c350bc604db.png,
fd2617b58b9c63442693955a81c71ae720af3a78.png,
fd3d0a6d9d64e01cd4f725c9be3b9a6f04eb8e52.png,
fd5787d62b18dd10d604f18bf6581e8201b32f7d.png,
fd8a45e6f0605f9c2fa71aa36f037a520bff308e.png,
fd8b72aca32aca0625593887d53ab44250576497.png,
fdc58eac2b905397ca3f79e9bcf066c2ecf24458.png,
fdcb5dafc8e3354ffd606b6f0cdcafae788c0e24.png,
fdccb6f7b79ec77cfb1ce9d5cdc9027063fa07e7.png,
fddd974d09ca453bf82e40a914ee60760ee293a8.png,
fdec7ca282ace1fdc2ad18412d74399fd0812b8a.png,
fdf3d328bf8aea43f5495d319711c21ce71cf7ba.png,
fdf3e4f2cf72b7d15a0d0235d52d92f609b0f1c8.png,
fe18468bf4a9e101abbdb1fe594869a5a7af1933.png,
fe3b81834472c917d1330b9025e460159dcd4401.png,
fe5d730729b6b9951833db21993f66db30ba0dab.png,
fe6e257be256c311e547981a764b3ea735a10d71.png,
fe820cdca1490fbcc239aae09114437dfe7bf933.png,
fed38bdad2e4d6a47a42fb378d132d353d7792dc.png,
fef296eba2996bf2766549b5f8ec87d2d15ec036.png,
fefdc71d6e895aed46ab7e4d8335538341251ddc.png,
ff3de9fbfeb1152d439feb2a4ff97d1f866de208.png,
ff4f0afecedb8cd8298911916f873bb116a46082.png,
ff56fe2567f6534d6280d3f0633e93ef5f472d0e.png,
ff6ccdce06d18e5c37692e2680f2787a1895b2c0.png,
ff716ed0e9fa939088063f36e244ab1acc312d57.png,
ff768a8fc4690c9ed45044bb0e60ed3dd2d58db3.png,
ff83fb89c2a1befdd057edecd993183a8009a318.png,
ff93a1ae2337199385da6f8633ecd32b6fc7331c.png,
ffaa26d82d4ff85e85a31367085fc5d0f4a98dcd.png,
ffea8348852566d5bea5170f874a3a58725556c0.png,
